Molecule;State;TCC;x1;y1;z1;x2;y2;z2;NICS(0);NICS_zz(0);NICS(1);NICS_zz(1)
Benzene;0;0;0;0;0;0;0;1;-8.118;-16.375;-10.032;-30.045
Benzene-br;0;0;1.639;0;0;1.639;0;1;-8.346;-15.194;-9.712;-28.229
Benzene-ch3;0;0;0.459;0;0.002;0.459;0;1.002;-8.002;-15.087;-9.927;-29.271
Benzene-cho;0;0;0.878;-0.02;0;0.878;-0.02;1;-7.794;-13.579;-9.966;-28.675
Benzene-cl;0;0;0.949;0;0;0.949;0;1;-8.553;-15.337;-9.753;-28.423
Benzene-cn;0;0;0.842;0;0;0.842;0;1;-8.456;-15.126;-10.057;-28.996
Benzene-coch3;0;0;1.191;0.019;0;1.191;0.019;1;-7.951;-13.678;-9.998;-28.57
Benzene-conh2;0;0;-1.198;0.007;0;-1.198;0.007;-1;-8.179;-14.364;-10.313;-28.999
Benzene-cooch3;0;0;1.599;-0.076;0;1.599;-0.076;1;-7.992;-13.924;-9.987;-28.647
Benzene-cooh;0;0;1.209;-0.003;0;1.209;-0.003;1;-7.973;-14.146;-9.973;-28.785
Benzene-f;0;0;0.51;0;0;0.51;0;1;-9.84;-16.762;-10.094;-29.133
Benzene-n_ch3_2;0;0;-1.182;0;-0.007;-1.182;0;-1.007;-8.142;-12.442;-9.184;-26.71
Benzene-nh2;0;0;-0.463;0;0.001;-0.463;0;1.001;-7.893;-11.714;-8.999;-26.196
Benzene-nh3;0;0;-0.499;0;0;-0.499;0;1;-9.411;-16.35;-10.283;-29.56
Benzene-no2;0;0;1.184;0;0;1.184;0;1;-9.064;-14.971;-10.199;-28.8
Benzene-no;0;0;0.86;-0.022;0;0.86;-0.022;1;-8.293;-12.698;-9.87;-27.591
Benzene-och3;0;0;0.887;-0.03;0;0.887;-0.03;1;-8.919;-14.446;-9.745;-28.13
Benzene-oh;0;0;0.474;-0.001;0;0.474;-0.001;1;-8.961;-14.474;-9.558;-27.73
Benzene-ph2;0;0;-0.95;0.001;-0.001;-0.95;0.001;-1.001;-7.716;-15.108;-9.966;-29.233
Benzene-sh;0;0;0.925;0.001;0;0.925;0.001;1;-7.688;-13.339;-9.29;-27.26
Benzene-sih3;0;0;0.929;0;0.002;0.929;0;1.002;-7.3;-14.859;-9.949;-29.476
Benzene;1;0;0;0;0;0;0;1;27.217;90.95;19.324;58.47
Benzene-br;1;0;1.663;-0.007;0.179;1.663;-0.007;1.179;-10.646;-17.134;-17.134;-28.369
Benzene-ch3;1;0;-0.459;0.016;0;-0.459;0.016;1;24.576;83.958;17.171;52.654
Benzene-cho;1;0;0.877;-0.022;0;0.877;-0.022;1;-3.849;-3.225;-6.043;-19.094
Benzene-cl;1;0;0.853;0;-0.152;0.853;0;-1.152;6.427;23.753;2.743;9.49
Benzene-cn;1;0;0.838;0;0;0.838;0;1;19.408;68.453;12.99;40.301
Benzene-coch3;1;0;-1.196;-0.019;0;-1.196;-0.019;1;-3.848;-2.576;-6.111;-18.875
Benzene-conh2;1;0;-1.176;0.002;-0.059;-1.176;0.002;-1.059;17.073;58.459;10.857;34.049
Benzene-cooch3;1;0;-1.596;-0.084;0;-1.596;-0.084;1;21.129;72.948;14.151;44.087
Benzene-cooh;1;0;1.206;-0.012;0;1.206;-0.012;1;20.987;72.293;14.036;43.615
Benzene-f;1;0;0.51;0.018;0;0.51;0.018;1;24.966;87.654;18.387;56.584
Benzene-n_ch3_2;1;0;1.186;-0.016;-0.002;1.186;-0.016;-1.002;23.574;81.672;16.772;51.722
Benzene-nh2;1;0;-0.459;0.013;0.001;-0.459;0.013;1.001;25.468;88.883;18.512;56.109
Benzene-nh3;1;0;-0.422;0;-0.141;-0.422;0;-1.141;6.418;25.675;2.556;9.259
Benzene-no2;1;0;-1.203;0;0.008;-1.203;0;1.008;-8.037;-12.202;-9.143;-26.656
Benzene-no;1;0;0.874;-0.021;0;0.874;-0.021;1;-7.018;-9.653;-8.261;-23.857
Benzene-och3;1;0;0.889;-0.047;0;0.889;-0.047;1;24.675;86.337;17.859;54.744
Benzene-oh;1;0;0.472;0.017;0;0.472;0.017;1;25.171;87.805;18.346;56.078
Benzene-ph2;1;0;-0.874;0;-0.118;-0.874;0;-1.118;8.777;32.406;5.247;16.634
Benzene-sh;1;0;-0.838;-0.001;0.135;-0.838;-0.001;1.135;8.138;29.889;4.545;-12.374
Benzene-sih3;1;0;-0.841;0;-0.14;-0.841;0;-1.14;8.755;29.819;5.786;18.46
Coronenee;0;1;0;0;0;0;0;1;1.251;18.926;-3.364;-5.815
Coronenee;0;1;1.228;-2.127;0;1.228;-2.127;1;-9.134;-13.92;-11.478;-31.148
c96h24;0;1;0;0;0;0;0;1;0.597;18.793;-4.819;-8.729
c96h24;0;1;0;4.257;0;0;4.257;1;0.761;18.916;-4.439;-7.794
c96h24;0;1;7.378;0;0;7.378;0;1;2.392;21.569;-1.997;-1.568
c96h24;0;1;-3.687;2.128;0;-3.687;2.128;1;0.759;18.919;-4.439;-7.785
c96h24;0;1;3.689;-6.389;0;3.689;-6.389;1;2.394;21.566;-1.994;-1.562
c96h24;0;1;-1.228;2.128;0;-1.228;2.128;1;-10.312;-14.058;-13.787;-35.925
c96h24;0;1;-2.458;-4.257;0;-2.458;-4.257;1;-9.627;-12.353;-12.921;-33.545
c96h24;0;1;-4.916;0;0;-4.916;0;1;-9.629;-12.351;-12.925;-33.549
c96h24;0;1;-4.917;4.258;0;-4.917;4.258;1;-12.804;-22.838;-14.919;-40.183
c96h24;0;1;-6.146;2.129;0;-6.146;2.129;1;-12.805;-22.848;-14.917;-40.177
Circo;0;1;0;0;0;0;0;1;-12.88;-22.304;-15.619;-41.968
Circo;0;1;4.258;-2.458;0;4.258;-2.458;1;-3.897;2.376;-7.28;-17.828
Circo;0;1;0;4.917;0;0;4.917;1;-3.9;2.377;-7.283;-17.835
Circo;0;1;0;2.458;0;0;2.458;1;-2.36;9.109;-6.799;-15.297
Circo;0;1;-2.129;1.229;0;-2.129;1.229;1;-2.359;9.107;-6.797;-15.295
Circo;0;1;4.257;0;0;4.257;0;1;-14.413;-27.988;-16.163;-44.279
Circo;0;1;-2.128;3.687;0;-2.128;3.687;1;-14.412;-27.98;-16.166;-44.29
c150h30-dist;0;1;0;0;0;0;0;1;-14.524;-22.082;-17.644;-44.573
c150h30-dist;0;1;-2.128;3.685;0;-2.128;3.685;-1;-14.745;-22.923;-17.706;-44.908
c150h30-dist;0;1;4.258;-7.376;0;4.258;-7.376;1;-16.284;-29.155;-18.055;-46.88
c150h30-dist;0;1;-8.517;0;0;-8.517;0;1;-16.276;-29.133;-18.048;-46.862
c150h30-dist;0;1;-2.127;1.228;0;-2.127;1.228;1;-3.689;10.353;-8.71;-17.728
c150h30-dist;0;1;4.256;-2.457;0;4.256;-2.457;1;-4.326;8.236;-9.099;-19.052
c150h30-dist;0;1;0;-4.914;0;0;-4.914;1;-4.325;8.237;-9.099;-19.05
c150h30-dist;0;1;-6.386;-1.229;0;-6.386;-1.229;1;-2.642;12.991;-7.528;-14.503
c150h30-dist;0;1;-2.128;6.145;0;-2.128;6.145;-1;-2.641;12.996;-7.527;-14.501
c150h30-dist;0;1;-6.386;3.687;0;-6.386;3.687;1;-15.071;-24.409;-17.547;-44.836
c150h30-dist;0;1;0;-7.374;0;0;-7.374;1;-15.073;-24.414;-17.548;-44.84
c150h30-dist;0;1;-8.517;2.459;0;-8.517;2.459;1;-7.249;-2.032;-10.457;-24.059
c150h30-dist;0;1;-6.388;6.146;0;-6.388;6.146;-1;-7.254;-2.048;-10.462;-24.073
c150h30-dist;0;1;-8.521;4.92;0;-8.521;4.92;1;6.766;38.967;1.482;11.546
c150h30-dist;0;1;0;9.84;0;0;9.84;1;6.752;38.923;1.472;11.519
c150h30;0;1;0;0;0;0;0;1;-14.546;-22.151;-17.67;-44.649
c150h30;0;1;4.914;0;0;4.914;0;1;-4.402;8.005;-9.17;-19.263
c150h30;0;1;-2.457;4.256;0;-2.457;4.256;1;-4.403;8.004;-9.17;-19.264
c150h30;0;1;-3.687;6.386;0;-3.687;6.386;1;-15.113;-24.537;-17.587;-44.953
c150h30;0;1;7.374;0;0;7.374;0;1;-15.115;-24.542;-17.588;-44.957
c150h30;0;1;9.84;0;0;9.84;0;1;6.744;38.898;1.463;11.492
c150h30;0;1;-4.92;8.522;0;-4.92;8.522;1;6.757;38.942;1.472;11.519
c150h30;0;1;1.228;-2.127;0;1.228;-2.127;1;-3.771;10.108;-8.785;-17.954
c150h30;0;1;0;-4.256;0;0;-4.256;1;-14.773;-23.009;-17.736;-44.996
c150h30;0;1;0;4.256;0;0;4.256;1;-14.772;-23.008;-17.735;-44.996
c150h30;0;1;-1.229;6.386;0;-1.229;6.386;1;-2.72;12.76;-7.598;-14.714
c150h30;0;1;-4.916;4.257;0;-4.916;4.257;1;-2.718;12.764;-7.598;-14.711
c150h30;0;1;8.606;-2.128;0;8.606;-2.128;1;-7.316;-2.236;-10.515;-24.231
c150h30;0;1;6.146;-6.388;0;6.146;-6.388;1;-7.313;-2.224;-10.513;-24.225
c150h30;0;1;2.459;8.517;0;2.459;8.517;1;-7.307;-2.208;-10.508;-24.211
c150h30;0;1;-7.376;4.258;0;-7.376;4.258;1;-16.333;-29.304;-18.098;-47.009
c150h30;0;1;0;-8.517;0;0;-8.517;1;-16.325;-29.283;-18.091;-46.99
c216h36-dist;0;1;0;0;0;0;0;1;-0.912;18.938;-6.632;-11.226
c216h36-dist;0;1;-2.127;3.685;0;-2.127;3.685;1;-0.696;19.492;-6.376;-10.537
c216h36-dist;0;1;8.515;0;0;8.515;0;1;0.065;21.26;-5.364;-7.851
c216h36-dist;0;1;4.257;7.374;0;4.257;7.374;-1;0.066;21.264;-5.363;-7.849
c216h36-dist;0;1;-2.127;-1.228;0;-2.127;-1.228;1;-11.473;-12.748;-15.293;-37.3
c216h36-dist;0;1;-4.256;-2.457;0;-4.256;-2.457;1;-10.931;-11.219;-14.766;-35.803
c216h36-dist;0;1;-6.384;-1.228;0;-6.384;-1.228;-1;-12.067;-14.765;-15.591;-38.398
c216h36-dist;0;1;-6.385;-3.686;0;-6.385;-3.686;1;-0.492;19.824;-5.987;-9.578
c216h36-dist;0;1;6.385;3.686;0;6.385;3.686;1;-0.491;19.825;-5.987;-9.577
c216h36-dist;0;1;-2.128;-8.604;0;-2.128;-8.604;1;-8.942;-5.783;-12.72;-30.034
c216h36-dist;0;1;6.386;-6.145;0;6.386;-6.145;-1;-8.941;-5.779;-12.72;-30.032
c216h36-dist;0;1;8.515;-4.916;0;8.515;-4.916;1;-15.693;-26.173;-17.975;-46.053
c216h36-dist;0;1;0;9.833;0;0;9.833;1;-15.696;-26.182;-17.978;-46.06
c216h36-dist;0;1;-10.647;-1.229;0;-10.647;-1.229;-1;-14.115;-22.545;-16.238;-41.302
c216h36-dist;0;1;6.388;8.606;0;6.388;8.606;-1;-14.123;-22.568;-16.246;-41.323
c216h36-dist;0;1;8.519;7.376;0;8.519;7.376;-1;-0.74;17.631;-4.953;-7.392
c216h36-dist;0;1;2.128;11.066;0;2.128;11.066;-1;-0.745;17.611;-4.956;-7.403
c216h36-dist;0;1;10.654;6.151;0;10.654;6.151;1;9.894;48.517;4.219;19.892
c216h36-dist;0;1;0;12.302;0;0;12.302;1;9.878;48.463;4.208;19.858
c216h36;0;1;0;0;0;0;0;1;-0.933;18.875;-6.651;-11.282
c216h36;0;1;-2.127;-3.685;0;-2.127;-3.685;1;-0.718;19.426;-6.395;10.595
c216h36;0;1;8.516;0;0;8.516;0;1;0.039;21.184;-5.386;-7.915
c216h36;0;1;-4.258;-7.375;0;-4.258;-7.375;1;0.04;21.187;-5.386;-7.913
c216h36;0;1;0;-2.456;0;0;-2.456;1;-11.481;-12.774;-15.301;-37.325
c216h36;0;1;0;-4.914;0;0;-4.914;1;-10.941;-11.251;-14.775;-35.832
c216h36;0;1;-2.128;-6.143;0;-2.128;-6.143;1;-12.076;-14.792;-15.599;-38.422
c216h36;0;1;0;-7.373;0;0;-7.373;1;-0.515;19.754;-6.007;-9.639
c216h36;0;1;2.128;-8.604;0;2.128;-8.604;1;-8.959;-5.834;-12.735;-30.078
c216h36;0;1;-8.515;2.458;0;-8.515;2.458;1;-8.957;-5.83;-12.735;-30.075
c216h36;0;1;-10.648;-1.229;0;-10.648;-1.229;1;-14.129;-22.586;-16.25;-41.334
c216h36;0;1;6.389;8.606;0;6.389;8.606;1;-14.137;-22.61;-16.258;-41.355
c216h36;0;1;4.258;-9.836;0;4.258;-9.836;1;-14.139;-22.616;-16.259;-41.358
c216h36;0;1;-10.648;3.69;0;-10.648;3.69;1;-0.753;17.59;-4.963;-7.424
c216h36;0;1;8.52;-7.376;0;8.52;-7.376;1;-0.759;17.572;-4.969;-7.44
c216h36;0;1;-10.655;-6.151;0;-10.655;-6.151;1;9.889;48.501;4.214;19.876
c216h36;0;1;0;12.303;0;0;12.303;1;9.873;48.447;4.203;19.843
Pentalene;0;1;-1.599;-0.536;0.014;-1.599;-0.536;1.014;-27.696;-90.508;-20.956;-59.464
Pentalene;0;1;-3.539;-0.407;-0.01;-3.539;-0.407;-1.01;-27.637;-90.353;-20.884;-59.187
Indene;0;1;-3.805;-3.324;-0.003;-3.805;-3.324;-1.003;9.661;11.849;11.031;27.615
Indene;0;1;-1.599;-3.198;-0.003;-1.599;-3.198;-1.003;1.205;-21.763;3.961;5.266
Naphthalene;0;1;-1.04;-6.664;-0.04;-1.04;-6.664;-1.04;10.232;13.411;11.775;29.561
Naphthalene;0;1;-3.475;-6.459;0.042;-3.475;-6.459;1.042;10.173;13.232;11.74;29.14
as-Indacene;0;1;-4.124;-9.953;-0.092;-4.124;-9.953;-1.092;-24.556;-96.035;-17.875;-60.157
as-Indacene;0;1;-1.975;-10.314;0.096;-1.975;-10.314;1.096;-13.064;-58.255;-8.973;-33.938
as-Indacene;0;1;-0.632;-8.588;0.052;-0.632;-8.588;1.052;-24.449;-95.862;-17.851;-60.213
s-Indacene;0;1;-4.403;-13.203;-0.007;-4.403;-13.203;-1.007;-25.511;-101.946;-19.016;-64.658
s-Indacene;0;1;-2.227;-13.146;0;-2.227;-13.146;-1;-20.515;-81.433;-15.299;-52.579
s-Indacene;0;1;-0.052;-13.09;0.007;-0.052;-13.09;1.007;-25.359;-101.49;-18.928;-64.412
Acenaphthylene;0;1;-3.564;-16.523;0;-3.564;-16.523;1;7.782;4.925;9.61;22.459
Acenaphthylene;0;1;-2.357;-14.709;0.001;-2.357;-14.709;1.001;-3.756;-36.814;0.265;-7.508
Acenaphthylene;0;1;-1.151;-16.524;0.001;-1.151;-16.524;1.001;7.799;4.973;9.626;22.505
Acenaphthene;0;1;-1.244;-19.827;-0.06;-1.244;-19.827;-1.06;9.779;10.937;11.396;27.792
Acenaphthene;0;1;-2.475;-17.992;-0.058;-2.475;-17.992;-1.058;-1.094;-32.372;1.585;-2.224
Acenaphthene;0;1;-3.669;-19.851;-0.06;-3.669;-19.851;-1.06;9.8;11.003;11.416;27.849
3H-Benz[e]indene;0;1;-4.332;-23.126;0.074;-4.332;-23.126;1.074;10.049;12.466;11.504;28.483
3H-Benz[e]indene;0;1;-1.881;-23.334;0.075;-1.881;-23.334;1.075;9.606;10.073;11.303;27.273
3H-Benz[e]indene;0;1;-0.605;-21.52;0.075;-0.605;-21.52;1.075;0.975;-23.309;3.855;4.807
1H-Benz[e]indene;0;1;-4.225;-26.215;0.035;-4.225;-26.215;1.035;9.605;10.887;11.13;27.22
1H-Benz[e]indene;0;1;-1.769;-26.28;0.035;-1.769;-26.28;1.035;9.631;10.145;11.313;27.305
1H-Benz[e]indene;0;1;-0.583;-24.406;0.036;-0.583;-24.406;1.036;0.779;-24.206;3.5;3.654
Fluorene;0;1;6.724;1.266;0.18;6.724;1.266;1.18;8.972;9.482;10.524;27.785
Fluorene;0;1;4.599;1.884;0.181;4.599;1.884;1.181;-0.626;-28.795;2.817;0.592
Fluorene;0;1;2.533;1.092;0.181;2.533;1.092;1.181;8.95;9.467;10.526;25.771
1H-Benz[f]indene;0;1;2.895;-2.479;0.06;2.895;-2.479;1.06;10.043;12.401;11.532;28.515
1H-Benz[f]indene;0;1;5.339;-2.364;0.061;5.339;-2.364;1.061;9.951;10.617;11.412;27.478
1H-Benz[f]indene;0;1;7.546;-2.267;0.062;7.546;-2.267;1.062;4.5;-24.241;3.356;3.123
Phenalene;0;1;4.131;-7.914;0.014;4.131;-7.914;1.014;9.817;10.815;11.325;27.537
Phenalene;0;1;5.27;-5.707;0.013;5.27;-5.707;1.013;-5.935;-36.876;-1.957;-11.927
Phenalene;0;1;6.577;-7.81;0.013;6.577;-7.81;1.013;8.013;5.354;9.858;23.089
Phenanthrene;0;1;8.042;-10.379;0.003;8.042;-10.379;1.003;10.304;13.146;11.872;29.556
Phenanthrene;0;1;5.584;-10.317;-0.021;5.584;-10.317;-1.021;7.112;2.239;9.41;21.012
Phenanthrene;0;1;4.236;-12.372;0.016;4.236;-12.372;1.016;10.195;12.798;11.807;29.333
Ahthracene;0;1;3.533;-15.643;-0.064;3.533;-15.643;-1.064;9.172;10.068;10.964;26.502
Ahthracene;0;1;5.952;-15.274;-0.001;5.952;-15.274;-1.001;12.694;18.691;13.992;34.849
Ahthracene;0;1;8.371;-14.905;0.061;8.371;-14.905;1.061;9.146;9.993;10.941;26.737
5H-Benz[fg]acenaphthylene;0;1;4.299;-19.59;0.038;4.299;-19.59;1.038;-3.486;-28.858;0.194;-5.549
5H-Benz[fg]acenaphthylene;0;1;5.445;-17.398;0.038;5.445;-17.398;1.038;7.013;1.156;8.954;19.778
5H-Benz[fg]acenaphthylene;0;1;7.629;-17.395;0.038;7.629;-17.395;1.038;-0.536;-27.574;2.965;0.484
5H-Benz[fg]acenaphthylene;0;1;6.777;-19.409;0.038;6.777;-19.409;1.038;8.464;5.671;10.117;23.353
4H-Cyclopenta[def]phenanthrene;0;1;8.007;-21.065;-0.001;8.007;-21.065;-1.001;10.583;13.291;12.109;29.883
4H-Cyclopenta[def]phenanthrene;0;1;5.6;-21.445;-0.001;5.6;-21.445;-1.001;6.799;1.199;9.326;20.713
4H-Cyclopenta[def]phenanthrene;0;1;5.01;-23.809;0;5.01;-23.809;1;10.565;13.17;12.082;29.815
4H-Cyclopenta[def]phenanthrene;0;1;7.067;-23.046;0.001;7.067;-23.046;1.001;-2.052;-33.456;1.928;-2.467
Fluoranthene;0;1;4.229;-26.932;-0.219;4.229;-26.932;-1.219;7.148;3.59;8.995;20.46
Fluoranthene;0;1;6.305;-26.238;-0.028;6.305;-26.238;-1.028;-4.628;-39.399;0.152;-9.454
Fluoranthene;0;1;7.63;-24.529;0.277;7.63;-24.529;1.277;8.293;6.056;10.155;24.02
Fluoranthene;0;1;8.415;-26.8;0.001;8.415;-26.8;1.001;8.349;6.178;10.251;23.172
Acephenanthrene;0;1;10.184;1.355;0.163;10.184;1.355;1.163;9.646;11.237;11.298;27.77
Acephenanthrene;0;1;12.619;1.141;0.094;12.619;1.141;1.094;5.477;-3.83;7.893;16.049
Acephenanthrene;0;1;14.138;3.03;-0.053;14.138;3.03;-1.053;8.196;5.698;10.018;23.069
Acephenanthrene;0;1;14.789;0.954;0.043;14.789;0.954;1.043;-3.149;-35.145;0.818;-6.041
Aceanthrylene;0;1;10.492;-1.597;-0.263;10.492;-1.597;-1.263;8.158;7.349;10.113;22.42
Aceanthrylene;0;1;12.896;-1.769;0.148;12.896;-1.769;1.148;10.217;10.253;11.656;26.558
Aceanthrylene;0;1;14.187;-0.004;0.083;14.187;-0.004;1.083;-4.409;-37.812;-0.501;-10.338
Aceanthrylene;0;1;15.286;-1.838;0.5;15.286;-1.838;1.5;7.114;3.038;8.871;20.537
Pyrene;0;1;11.205;-5.758;-0.002;11.205;-5.758;-1.002;12.987;20.331;14.238;36.102
Pyrene;0;1;12.388;-3.609;0.003;12.388;-3.609;1.003;5.357;-3.233;8.151;17.223
Pyrene;0;1;14.838;-3.569;0;14.838;-3.569;1;12.839;19.887;14.123;35.763
Pyrene;0;1;13.656;-5.718;-0.005;13.656;-5.718;-1.005;5.353;-3.243;8.139;17.12
1H-Cyclopenta[l]phenanthrene;0;1;13.816;-5.343;-0.075;13.816;-5.343;-1.075;9.544;10.323;11.185;27.138
1H-Cyclopenta[l]phenanthrene;0;1;16.264;-4.984;-0.074;16.264;-4.984;-1.074;6.504;-0.681;9.058;19.301
1H-Cyclopenta[l]phenanthrene;0;1;17.066;-2.903;-0.075;17.066;-2.903;-1.075;0.423;-26.049;3.282;2.803
1H-Cyclopenta[l]phenanthrene;0;1;17.851;-6.881;-0.074;17.851;-6.881;-1.074;10.016;11.994;11.609;28.542
2H-Cyclopenta[l]phenanthrene;0;1;13.252;-12.749;0.126;13.252;-12.749;1.126;7.623;4.839;9.552;22.361
2H-Cyclopenta[l]phenanthrene;0;1;12.761;-10.305;0.124;12.761;-10.305;1.124;-3.176;-29.172;0.955;-5.04
2H-Cyclopenta[l]phenanthrene;0;1;14.424;-8.86;0.123;14.424;-8.86;1.123;3.218;-18.605;5.255;9.215
2H-Cyclopenta[l]phenanthrene;0;1;10.409;-9.48;0.123;10.409;-9.48;1.123;7.636;4.875;9.564;22.397
8H-Cyclopenta[b]phenanthrene;0;1;11.675;-14.236;-0.071;11.675;-14.236;-1.071;0.15;-25.274;3.237;2.674
8H-Cyclopenta[b]phenanthrene;0;1;13.886;-14.226;-0.07;13.886;-14.226;-1.07;10.096;10.653;11.579;27.762
8H-Cyclopenta[b]phenanthrene;0;1;16.346;-14.226;-0.069;16.346;-14.226;-1.069;6.69;1.366;9.23;20.405
8H-Cyclopenta[b]phenanthrene;0;1;17.651;-12.134;-0.07;17.651;-12.134;-1.07;10.177;12.574;11.702;28.882
1H-Cyclopent[a]anthracene;0;1;10.386;-18.044;-0.09;10.386;-18.044;-1.09;9.02;9.373;10.72;25.896
1H-Cyclopent[a]anthracene;0;1;12.837;-18.189;-0.089;12.837;-18.189;-1.089;12.045;16.167;13.314;32.679
1H-Cyclopent[a]anthracene;0;1;15.292;-18.368;-0.089;15.292;-18.368;-1.089;8.601;6.952;10.52;24.687
1H-Cyclopent[a]anthracene;0;1;16.566;-16.549;-0.087;16.566;-16.549;-1.087;0.876;-24.079;3.49;3.549
17H-Cyclopenta[a]phenanthrene;0;1;10.905;-22.413;-0.046;10.905;-22.413;-1.046;10.077;12.33;11.664;28.771
17H-Cyclopenta[a]phenanthrene;0;1;13.365;-22.25;-0.046;13.365;-22.25;-1.046;6.943;1.351;9.191;20.35
17H-Cyclopenta[a]phenanthrene;0;1;14.51;-20.058;-0.047;14.51;-20.058;-1.047;9.754;9.985;11.44;27.462
17H-Cyclopenta[a]phenanthrene;0;1;16.726;-19.972;-0.048;16.726;-19.972;-1.048;1.234;-22.572;3.986;4.997
15H-Cyclopenta[a]phenanthrene;0;1;11.309;-27.31;0.177;11.309;-27.31;1.177;9.866;11.691;11.495;28.229
15H-Cyclopenta[a]phenanthrene;0;1;13.763;-27.074;0.178;13.763;-27.074;1.178;6.596;0.078;8.876;19.239
15H-Cyclopenta[a]phenanthrene;0;1;14.845;-24.851;0.179;14.845;-24.851;1.179;9.85;10.268;11.509;27.665
15H-Cyclopenta[a]phenanthrene;0;1;17.055;-24.689;0.18;17.055;-24.689;1.18;0.873;-23.764;3.603;3.872
1H-Cyclopent[b]anthracene;0;1;-6.414;2.074;-0.014;-6.414;2.074;-1.014;9.145;9.733;10.822;26.249
1H-Cyclopent[b]anthracene;0;1;-3.961;2.18;-0.011;-3.961;2.18;-1.011;12.407;17.469;13.64;33.747
1H-Cyclopent[b]anthracene;0;1;-1.513;2.291;-0.009;-1.513;2.291;-1.009;8.925;7.244;10.558;24.651
1H-Cyclopent[b]anthracene;0;1;0.691;2.385;-0.008;0.691;2.385;-1.008;-0.014;-24.646;3.029;2.007
7H-Benzo[c]fluorene;0;1;-4.354;-1.167;0.031;-4.354;-1.167;1.031;9.103;9.563;10.451;25.425
7H-Benzo[c]fluorene;0;1;-2.367;-2.147;0.031;-2.367;-2.147;1.031;-0.623;-29.602;2.64;-0.242
7H-Benzo[c]fluorene;0;1;-0.17;-1.798;0.033;-0.17;-1.798;1.033;9.144;8.441;10.78;25.413
7H-Benzo[c]fluorene;0;1;0.776;0.47;0.034;0.776;0.47;1.034;9.929;12.038;11.411;28.028
11H-Benzo[a]fluorene;0;1;-4.357;-5.25;0.033;-4.357;-5.25;1.033;8.726;8.588;10.3;25.006
11H-Benzo[a]fluorene;0;1;-2.292;-4.458;0.035;-2.292;-4.458;1.035;-1.29;-31.886;2.237;-1.493
11H-Benzo[a]fluorene;0;1;-0.162;-5.087;0.033;-0.162;-5.087;1.033;8.999;7.928;10.823;25.485
11H-Benzo[a]fluorene;0;1;1.632;-3.408;0.034;1.632;-3.408;1.034;9.445;10.544;11.099;26.996
11H-Benzo[b]fluorene;0;1;-5.145;-7.97;0.019;-5.145;-7.97;1.019;9.694;11.39;11.284;27.679
11H-Benzo[b]fluorene;0;1;-2.703;-7.801;0.019;-2.703;-7.801;1.019;9.527;8.981;11.083;26.206
11H-Benzo[b]fluorene;0;1;-0.495;-7.646;0.019;-0.495;-7.646;1.019;-1.174;-30.598;2.365;-0.978
11H-Benzo[b]fluorene;0;1;1.359;-8.854;0.019;1.359;-8.854;1.019;8.695;8.539;10.29;24.993
1H-Benz[de]anthracene;0;1;-4.434;-12.592;0.106;-4.434;-12.592;1.106;9.352;10.042;11.064;26.756
1H-Benz[de]anthracene;0;1;-1.994;-12.312;0.106;-1.994;-12.312;1.106;11.5;14.185;12.926;31.308
1H-Benz[de]anthracene;0;1;-0.969;-10.037;0.107;-0.969;-10.037;1.107;-5.92;-37.624;-1.941;-12.249
1H-Benz[de]anthracene;0;1;0.446;-12.064;0.107;0.446;-12.064;1.107;6.886;1.74;8.953;20.139
Cyclopenta[cd]pyrene ;0;1;-4.101;-16.637;0.05;-4.101;-16.637;1.05;10.96;14.353;12.551;31.05
Cyclopenta[cd]pyrene ;0;1;-3.043;-14.419;-0.062;-3.043;-14.419;-1.062;4.586;-5.637;7.416;14.489
Cyclopenta[cd]pyrene ;0;1;-1.673;-16.458;0.034;-1.673;-16.458;1.034;4.155;-8.135;6.927;13.183
Cyclopenta[cd]pyrene ;0;1;-0.593;-14.304;-0.081;-0.593;-14.304;-1.081;10.702;12.247;12.307;29.486
Cyclopenta[cd]pyrene ;0;1;0.487;-16.206;0.019;0.487;-16.206;1.019;-4.121;-38.297;-0.052;-8.497
Benzo[mno]aceanthrylene;0;1;-3.819;-20.746;0.791;-3.819;-20.746;1.791;3.665;-5.488;6.375;13.009
Benzo[mno]aceanthrylene;0;1;-2.546;-18.705;0.237;-2.546;-18.705;1.237;-4.923;-30.157;-0.724;-8.887
Benzo[mno]aceanthrylene;0;1;-1.509;-20.895;0.036;-1.509;-20.895;1.036;7.995;3.915;9.767;20.156
Benzo[mno]aceanthrylene;0;1;-0.511;-19.024;-0.417;-0.511;-19.024;-1.417;-7.953;-45.511;-3.316;-17.13
Benzo[mno]aceanthrylene;0;1;0.775;-20.748;-0.724;0.775;-20.748;-1.724;5.414;-1.266;7.351;12.273
Benzo[ghi]fluoranthene;0;1;1.322;-24.311;-0.025;1.322;-24.311;-1.025;7.868;4.706;9.717;22.392
Benzo[ghi]fluoranthene;0;1;0.256;-22.12;0.025;0.256;-22.12;1.025;7.364;2.073;9.583;21.399
Benzo[ghi]fluoranthene;0;1;-0.819;-23.978;-0.018;-0.819;-23.978;-1.018;-7.25;-49.061;-1.804;-15.715
Benzo[ghi]fluoranthene;0;1;-2.175;-22.313;0.025;-2.175;-22.313;1.025;7.411;2.151;9.547;21.321
Benzo[ghi]fluoranthene;0;1;-2.881;-24.645;-0.022;-2.881;-24.645;-1.022;8.008;5.071;9.754;22.51
Triphenylene;0;1;6.871;3.86;-0.012;6.871;3.86;-1.012;9.165;9.29;11.02;26.802
Triphenylene;0;1;5.807;1.622;-0.007;5.807;1.622;-1.007;2.957;-11.816;6.309;10.728
Triphenylene;0;1;7.214;-0.418;-0.066;7.214;-0.418;-1.066;9.094;9.076;10.93;26.418
Triphenylene;0;1;3.338;1.421;0.064;3.338;1.421;1.064;9.189;9.357;10.993;26.497
Benzo[c]phenanthrene;0;1;2.924;-4.104;-0.108;2.924;-4.104;-1.108;10.168;12.82;12.779;30.096
Benzo[c]phenanthrene;0;1;5.27;-4.788;-0.337;5.27;-4.788;-1.337;7.828;5.074;10.422;22.714
Benzo[c]phenanthrene;0;1;7.151;-3.199;-0.111;7.151;-3.199;-1.111;7.787;4.921;9.608;22.454
Benzo[c]phenanthrene;0;1;6.869;-0.772;-0.337;6.869;-0.772;-1.337;10.178;12.857;10.695;24.315
Benz[a]anthracene;0;1;2.641;-8.157;-0.99;2.641;-8.157;-1.99;9.596;11.021;11.336;23.913
Benz[a]anthracene;0;1;4.975;-7.997;-0.265;4.975;-7.997;-1.265;11.806;15.046;13.311;30.152
Benz[a]anthracene;0;1;7.323;-7.857;0.457;7.323;-7.857;1.457;4.92;-3.256;7.63;15.357
Benz[a]anthracene;0;1;8.431;-5.697;0.87;8.431;-5.697;1.87;9.98;11.865;11.589;27.368
Chrysene;0;1;8.913;-10.619;0.077;8.913;-10.619;1.077;10.105;12.507;11.769;28.865
Chrysene;0;1;6.498;-10.171;0.007;6.498;-10.171;1.007;7.824;3.957;10.12;23.1
Chrysene;0;1;4.847;-12.012;0.001;4.847;-12.012;1.001;7.843;4.014;10.103;22.862
Chrysene;0;1;2.431;-11.564;-0.077;2.431;-11.564;-1.077;10.181;12.734;11.776;29.207
Naphthacene;0;1;1.969;-14.575;0.04;1.969;-14.575;1.04;8.362;7.488;10.245;24.421
Naphthacene;0;1;4.414;-14.702;0.05;4.414;-14.702;1.05;12.756;18.637;14.051;34.886
Naphthacene;0;1;6.861;-14.827;0.061;6.861;-14.827;1.061;12.726;18.549;14.022;34.813
Naphthacene;0;1;9.306;-14.954;0.071;9.306;-14.954;1.071;8.147;6.847;10.11;24.067
1H-Cyclopenta[e]pyrene;0;1;3.231;-18.164;-0.037;3.231;-18.164;-1.037;12.26;17.614;13.599;33.884
1H-Cyclopenta[e]pyrene;0;1;4.694;-20.142;-0.039;4.694;-20.142;-1.039;5.453;-3.218;8.128;16.871
1H-Cyclopenta[e]pyrene;0;1;7.14;-19.879;-0.04;7.14;-19.879;-1.04;12.742;19.288;13.942;35.036
1H-Cyclopenta[e]pyrene;0;1;5.683;-17.888;-0.038;5.683;-17.888;-1.038;5.134;-5.047;8.035;16.063
1H-Cyclopenta[e]pyrene;0;1;6.587;-15.854;-0.037;6.587;-15.854;-1.037;-0.159;-27.79;2.857;1.551
1H-Cyclopenta[a]pyrene;0;1;2.777;-21.15;-0.138;2.777;-21.15;-1.138;12.574;18.91;13.828;34.667
1H-Cyclopenta[a]pyrene;0;1;5.235;-21.126;-0.111;5.235;-21.126;-1.111;4.814;-5.463;7.598;15.298
1H-Cyclopenta[a]pyrene;0;1;4.017;-23.273;-0.127;4.017;-23.273;-1.127;5.446;-3.326;8.133;16.872
1H-Cyclopenta[a]pyrene;0;1;6.47;-23.259;-0.101;6.47;-23.259;-1.101;12.46;17.156;13.773;33.935
1H-Cyclopenta[a]pyrene;0;1;8.684;-23.27;-0.081;8.684;-23.27;-1.081;-0.036;-26.681;2.884;1.543
1H-Benz[fg]aceanthrylene;0;1;2.757;-25.995;-0.022;2.757;-25.995;-1.022;9.605;10.556;11.195;27.159
1H-Benz[fg]aceanthrylene;0;1;5.184;-25.579;-0.022;5.184;-25.579;-1.022;6.293;-1.543;8.936;18.767
1H-Benz[fg]aceanthrylene;0;1;6.001;-23.517;-0.024;6.001;-23.517;-1.024;0.546;-26.652;3.487;3.238
1H-Benz[fg]aceanthrylene;0;1;7.566;-25.032;-0.022;7.566;-25.032;-1.022;-3.578;-29.529;0.651;-5.48
1H-Benz[fg]aceanthrylene;0;1;6.857;-27.394;-0.021;6.857;-27.394;-1.021;8.589;6.801;10.561;24.834
1H-Indeno[6 7 1-mna]anthracene;0;1;8.929;0.903;-0.01;8.929;0.903;-1.01;9.582;10.908;11.246;27.425
1H-Indeno[6 7 1-mna]anthracene;0;1;11.347;0.438;-0.011;11.347;0.438;-1.011;5.6;-3.654;8.202;16.783
1H-Indeno[6 7 1-mna]anthracene;0;1;13.023;2.246;-0.011;13.023;2.246;-1.011;9.316;8.606;11.214;26.632
1H-Indeno[6 7 1-mna]anthracene;0;1;15.139;1.623;-0.011;15.139;1.623;-1.011;0.851;-25.131;3.783;4.033
1H-Indeno[6 7 1-mna]anthracene;0;1;13.765;-0.07;-0.01;13.765;-0.07;-1.01;-3.508;-29.6;0.749;-5.356
1H-Benzo[cd]fluoranthene;0;1;9.706;-4.043;0.001;9.706;-4.043;1.001;7.803;5.288;9.43;22.251
1H-Benzo[cd]fluoranthene;0;1;11.741;-3.205;0;11.741;-3.205;-1;-2.199;-33.54;2.092;-3.601
1H-Benzo[cd]fluoranthene;0;1;12.976;-1.395;-0.001;12.976;-1.395;-1.001;8.378;4.881;10.107;23.039
1H-Benzo[cd]fluoranthene;0;1;15.442;-1.705;0;15.442;-1.705;1;-4.431;-31.996;-0.611;-8.066
1H-Benzo[cd]fluoranthene;0;1;13.889;-3.631;0.001;13.889;-3.631;1.001;6.884;0.284;8.897;19.298
4H-Cyclopenta[def]triphenylene;0;1;-5.937;0.943;-0.007;-5.937;0.943;-1.007;9.443;10.403;11.159;27.185
4H-Cyclopenta[def]triphenylene;0;1;-3.512;1.349;-0.007;-3.512;1.349;-1.007;3.032;-11.873;6.319;10.571
4H-Cyclopenta[def]triphenylene;0;1;-2.502;3.582;-0.007;-2.502;3.582;-1.007;9.869;10.62;11.424;27.661
4H-Cyclopenta[def]triphenylene;0;1;-1.365;1.71;-0.007;-1.365;1.71;-1.007;-2.077;-33.989;1.906;-2.693
4H-Cyclopenta[def]triphenylene;0;1;-1.828;-0.43;-0.007;-1.828;-0.43;-1.007;9.848;10.69;11.451;27.7
11H-Benz[bc]aceanthrylene;0;1;-5.948;-3.959;-0.063;-5.948;-3.959;-1.063;9.836;11.662;11.387;27.815
11H-Benz[bc]aceanthrylene;0;1;-3.518;-3.653;-0.062;-3.518;-3.653;-1.062;11.964;15.528;13.371;32.542
11H-Benz[bc]aceanthrylene;0;1;-2.605;-1.65;-0.063;-2.605;-1.65;-1.063;-2.668;-36.333;1.425;-4.235
11H-Benz[bc]aceanthrylene;0;1;-0.561;-0.854;-0.063;-0.561;-0.854;-1.063;10.396;12.611;11.89;29.132
11H-Benz[bc]aceanthrylene;0;1;-1.115;-3.229;-0.062;-1.115;-3.229;-1.062;4.865;-4.74;7.668;15.519
4H-Cyclopenta[def]chrysene;0;1;-5.638;-7.898;-0.005;-5.638;-7.898;-1.005;10.499;13.608;11.977;29.629
4H-Cyclopenta[def]chrysene;0;1;-3.297;-7.179;-0.003;-3.297;-7.179;-1.003;8.353;4.706;10.428;23.558
4H-Cyclopenta[def]chrysene;0;1;-1.208;-6.505;-0.002;-1.208;-6.505;-1.002;-2.885;-36.247;1.332;-4.503
4H-Cyclopenta[def]chrysene;0;1;-0.177;-4.569;-0.001;-0.177;-4.569;-1.001;10.465;12.755;11.964;29.338
4H-Cyclopenta[def]chrysene;0;1;-2.597;-4.834;-0.003;-2.597;-4.834;-1.003;7.975;4.14;10.242;23.273
3H-Benzo[cd]pyrene;0;1;-5.453;-10.763;-0.033;-5.453;-10.763;-1.033;11.768;16.484;13.211;32.872
3H-Benzo[cd]pyrene;0;1;-4.316;-8.585;-0.032;-4.316;-8.585;-1.032;5.753;-2.216;8.417;17.846
3H-Benzo[cd]pyrene;0;1;-2.994;-10.668;-0.033;-2.994;-10.668;-1.033;3.454;-10.32;6.536;11.721
3H-Benzo[cd]pyrene;0;1;-1.858;-8.491;-0.032;-1.858;-8.491;-1.032;12.372;17.386;13.652;33.785
3H-Benzo[cd]pyrene;0;1;-0.521;-10.588;-0.033;-0.521;-10.588;-1.033;-5.828;-37.183;-1.874;-12.016
2H-Benzo[cd]pyrene;0;1;-5.348;-13.587;0.011;-5.348;-13.587;1.011;5.228;-3.1;7.66;16.178
2H-Benzo[cd]pyrene;0;1;-3.793;-11.675;0.011;-3.793;-11.675;1.011;-4.62;-33.487;-0.291;-8.572
2H-Benzo[cd]pyrene;0;1;-2.927;-13.996;0.012;-2.927;-13.996;1.012;9.221;7.099;11.107;25.733
2H-Benzo[cd]pyrene;0;1;-1.355;-12.076;0.012;-1.355;-12.076;1.012;-7.819;-43.519;-3.372;-16.651
2H-Benzo[cd]pyrene;0;1;-0.51;-14.414;0.012;-0.51;-14.414;1.012;9.134;8.466;10.801;25.62
6H-Benzo[cd]pyrene;0;1;-0.115;-17.85;-0.008;-0.115;-17.85;-1.008;9.499;9.574;11.124;26.673
6H-Benzo[cd]pyrene;0;1;-1.493;-15.821;-0.005;-1.493;-15.821;-1.005;7.604;3.053;9.717;21.856
6H-Benzo[cd]pyrene;0;1;-2.597;-18.041;-0.004;-2.597;-18.041;-1.004;-8.23;-45.347;-3.58;-17.719
6H-Benzo[cd]pyrene;0;1;-3.957;-15.969;-0.005;-3.957;-15.969;-1.005;7.605;3.07;9.741;21.927
6H-Benzo[cd]pyrene;0;1;-5.084;-18.147;-0.007;-5.084;-18.147;-1.007;9.766;10.403;11.295;27.182
5H-Benzo[cd]pyrene;0;1;-5.237;-22.095;0.019;-5.237;-22.095;1.019;12.191;17.699;13.522;33.747
5H-Benzo[cd]pyrene;0;1;-3.754;-20.137;0.02;-3.754;-20.137;1.02;4.831;-4.893;7.712;15.69
5H-Benzo[cd]pyrene;0;1;-2.796;-22.41;0.02;-2.796;-22.41;1.02;5.796;-3.165;8.432;17.437
5H-Benzo[cd]pyrene;0;1;-1.314;-20.454;0.021;-1.314;-20.454;1.021;11.159;13.599;12.718;30.879
5H-Benzo[cd]pyrene;0;1;-0.331;-22.731;0.02;-0.331;-22.731;1.02;-7.231;-41.048;-2.96;-15.137
Dibenzo[ghi mno]fluoranthene;0;1;-1.764;-24.13;-0.359;-1.764;-24.13;-1.359;7.272;3.718;12.917;24.085
Dibenzo[ghi mno]fluoranthene;0;1;-4.166;-24.111;-0.13;-4.166;-24.111;-1.13;7.207;2.651;13.049;24.597
Dibenzo[ghi mno]fluoranthene;0;1;-4.914;-26.395;0.094;-4.914;-26.395;1.094;7.347;2.315;12.987;24.844
Dibenzo[ghi mno]fluoranthene;0;1;-2.973;-27.827;0.007;-2.973;-27.827;1.007;7.389;2.663;13.208;25.344
Dibenzo[ghi mno]fluoranthene;0;1;-1.027;-26.428;-0.27;-1.027;-26.428;-1.27;7.185;3.093;12.939;24.081
Dibenzo[ghi mno]fluoranthene;0;1;-3.014;-25.81;-0.598;-3.014;-25.81;-1.598;-9.566;-56.475;2.595;-15.429
Benzo[de]cyclopent[a]anthracene;0;1;2.658;-0.075;-0.131;2.658;-0.075;-1.131;1.753;-21.694;4.188;4.695
Benzo[de]cyclopent[a]anthracene;0;1;4.854;-0.148;-0.143;4.854;-0.148;-1.143;-2.424;-27.493;1.165;-4.543
Benzo[de]cyclopent[a]anthracene;0;1;6.24;1.916;-0.14;6.24;1.916;-1.14;5.865;-2.711;8.419;17.322
Benzo[de]cyclopent[a]anthracene;0;1;7.584;3.986;-0.136;7.584;3.986;-1.136;9.305;10.083;11.051;26.847
Benzo[de]cyclopent[a]anthracene;0;1;7.306;-0.309;-0.163;7.306;-0.309;-1.163;8.112;5.511;10.095;23.227
Benzo[fg]cyclopent[a]anthracene;0;1;2.864;-1.897;-0.02;2.864;-1.897;-1.02;6.27;0.554;8.569;18.761
Benzo[fg]cyclopent[a]anthracene;0;1;3.365;-4.291;0.001;3.365;-4.291;1.001;7.825;5.043;9.908;22.851
Benzo[fg]cyclopent[a]anthracene;0;1;5.217;-2.645;-0.005;5.217;-2.645;-1.005;-2.239;-26.457;1.691;-3.117
Benzo[fg]cyclopent[a]anthracene;0;1;7.601;-3.356;0.008;7.601;-3.356;1.008;-0.294;-20.372;2.792;1.017
Benzo[fg]cyclopent[a]anthracene;0;1;9.249;-1.899;0.004;9.249;-1.899;1.004;1.489;-22.901;3.747;3.579
Benzo[de]cyclopent[b]anthracene;0;1;2.792;-7.405;-0.008;2.792;-7.405;-1.008;9.227;9.906;11.109;24.677
Benzo[de]cyclopent[b]anthracene;0;1;5.167;-6.766;0.1;5.167;-6.766;1.1;5.214;-3.223;7.884;15.439
Benzo[de]cyclopent[b]anthracene;0;1;5.927;-4.502;-0.495;5.927;-4.502;-1.495;8.232;5.937;10.167;20.077
Benzo[de]cyclopent[b]anthracene;0;1;7.557;-6.213;0.241;7.557;-6.213;1.241;-2.296;-23.58;1.322;-2.257
Benzo[de]cyclopent[b]anthracene;0;1;9.698;-5.779;0.38;9.698;-5.779;1.38;1.18;-19.628;3.772;3.859
Indeno[2 1-a]phenalene;0;1;4.343;-7.157;-0.213;4.343;-7.157;-1.213;8.183;6.11;10.129;23.554
Indeno[2 1-a]phenalene;0;1;3.034;-9.207;-0.474;3.034;-9.207;-1.474;7.351;3.734;9.406;20.314
Indeno[2 1-a]phenalene;0;1;5.457;-9.364;-0.124;5.457;-9.364;-1.124;-3.036;-28.713;0.776;-5.198
Indeno[2 1-a]phenalene;0;1;7.618;-9.546;0.219;7.618;-9.546;1.219;-1.074;-29.184;2.815;-0.753
Indeno[2 1-a]phenalene;0;1;9.287;-10.953;0.452;9.287;-10.953;1.452;7.835;5.48;9.455;21.988
Indeno[1 2-a]phenalene;0;1;3.497;-11.045;0.052;3.497;-11.045;1.052;6.705;1.889;8.673;19.421
Indeno[1 2-a]phenalene;0;1;1.602;-12.448;-0.594;1.602;-12.448;-1.594;7.005;3.339;9.091;17.784
Indeno[1 2-a]phenalene;0;1;3.812;-13.472;-0.307;3.812;-13.472;-1.307;-1.801;-23.131;1.36;-3.537
Indeno[1 2-a]phenalene;0;1;5.754;-14.466;-0.067;5.754;-14.466;-1.067;-2.777;-33.665;0.195;-6.805
Indeno[1 2-a]phenalene;0;1;7.857;-14.199;0.429;7.857;-14.199;1.429;-2.066;-21.868;1.178;-2.188
Benz[a]acephenanthrylene;0;1;3.286;-18.656;0.092;3.286;-18.656;1.092;9.775;11.632;12.013;28.575
Benz[a]acephenanthrylene;0;1;5.727;-18.76;-0.055;5.727;-18.76;-1.055;6.327;-1.229;8.773;17.617
Benz[a]acephenanthrylene;0;1;7.903;-18.908;0.017;7.903;-18.908;1.017;-3.227;-35.465;0.701;-6.727
Benz[a]acephenanthrylene;0;1;7.234;-16.832;0.086;7.234;-16.832;1.086;6.504;-0.641;8.4;18.074
Benz[a]acephenanthrylene;0;1;6.543;-14.488;-0.056;6.543;-14.488;-1.056;9.631;11.198;10.526;24.537
Benz[l]acephenanthrylene;0;1;2.533;-21.313;0.139;2.533;-21.313;1.139;9.945;12.193;12.502;29.683
Benz[l]acephenanthrylene;0;1;4.332;-22.966;-0.106;4.332;-22.966;-1.106;7.611;4.163;10.105;21.899
Benz[l]acephenanthrylene;0;1;6.722;-22.388;0.039;6.722;-22.388;1.039;6.096;-1.823;7.807;16.314
Benz[l]acephenanthrylene;0;1;8.853;-21.914;0.168;8.853;-21.914;1.168;-3.979;-37.463;-0.193;-7.963
Benz[l]acephenanthrylene;0;1;7.628;-20.142;-0.146;7.628;-20.142;-1.146;8.14;5.839;8.955;19.695
Benz[e]aceanthrylene;0;1;11.071;1.409;0.096;11.071;1.409;1.096;8.78;8.806;10.605;25.578
Benz[e]aceanthrylene;0;1;13.508;1.621;0.112;13.508;1.621;1.112;9.903;8.804;11.463;26.784
Benz[e]aceanthrylene;0;1;14.478;3.581;0.046;14.478;3.581;1.046;-3.738;-38.127;0.166;-8.491
Benz[e]aceanthrylene;0;1;15.918;1.947;0.106;15.918;1.947;1.106;3.945;-8.547;6.581;11.713
Benz[e]aceanthrylene;0;1;17.543;0.115;0.164;17.543;0.115;1.164;9.263;10.092;11.046;26.908
Benz[l]aceanthrylene;0;1;11.678;-1.216;0.23;11.678;-1.216;1.23;9.635;11.264;11.802;28.767
Benz[l]aceanthrylene;0;1;12.463;-3.538;0.064;12.463;-3.538;1.064;4.344;-5.63;7.172;13.995
Benz[l]aceanthrylene;0;1;14.841;-4.158;0.01;14.841;-4.158;1.01;9.31;7.454;10.668;24.567
Benz[l]aceanthrylene;0;1;16.432;-2.676;-0.201;16.432;-2.676;-1.201;-4.734;-40.082;-1.402;-13.204
Benz[l]aceanthrylene;0;1;17.196;-4.713;-0.09;17.196;-4.713;-1.09;7.194;3.066;8.944;19.961
Cyclopenta[hi]chrysene;0;1;11.938;-10.242;-0.836;11.938;-10.242;-1.836;10.041;12.05;11.596;26.288
Cyclopenta[hi]chrysene;0;1;12.899;-8.04;-0.321;12.899;-8.04;-1.321;7.626;3.642;9.891;21.959
Cyclopenta[hi]chrysene;0;1;15.333;-7.722;-0.157;15.333;-7.722;-1.157;5.994;-2.152;8.337;15.978
Cyclopenta[hi]chrysene;0;1;16.371;-5.586;0.346;16.371;-5.586;1.346;7.993;5.044;9.646;22.587
Cyclopenta[hi]chrysene;0;1;17.488;-7.415;-0.021;17.488;-7.415;-1.021;-3.792;-35.054;0.506;-7.153
Benz[j]aceanthrylene;0;1;11.869;-14.459;-0.22;11.869;-14.459;-1.22;9.773;11.329;11.519;27.484
Benz[j]aceanthrylene;0;1;13.047;-12.296;-0.24;13.047;-12.296;-1.24;4.197;-6.007;7.144;13.128
Benz[j]aceanthrylene;0;1;15.482;-12.17;0.084;15.482;-12.17;1.084;9.301;7.149;11.051;24.837
Benz[j]aceanthrylene;0;1;16.504;-10.238;0.125;16.504;-10.238;1.125;-4.393;-38.82;-0.377;-9.87
Benz[j]aceanthrylene;0;1;17.869;-11.911;0.385;17.869;-11.911;1.385;7.384;3.601;9.26;21.621
Benz[k]acephenanthrylene;0;1;10.829;-18.522;0.289;10.829;-18.522;1.289;9.54;11.095;11.272;27.778
Benz[k]acephenanthrylene;0;1;13.205;-17.943;0.137;13.205;-17.943;1.137;10.953;13.162;12.633;30.335
Benz[k]acephenanthrylene;0;1;15.589;-17.402;0.002;15.589;-17.402;1.002;3.707;-9.351;6.551;11.399
Benz[k]acephenanthrylene;0;1;16.462;-15.133;-0.074;16.462;-15.133;-1.074;8.321;5.818;9.948;23.025
Benz[k]acephenanthrylene;0;1;17.711;-16.92;-0.088;17.711;-16.92;-1.088;-3.359;-35.914;0.717;-6.854
Cyclopenta[de]naphthacene;0;1;-6.826;1.916;0.544;-6.826;1.916;1.544;7.945;6.306;9.901;23.835
Cyclopenta[de]naphthacene;0;1;-4.402;2.139;0.275;-4.402;2.139;1.275;11.481;14.986;12.964;31.521
Cyclopenta[de]naphthacene;0;1;-1.976;2.307;-0.005;-1.976;2.307;-1.005;10.312;10.459;11.791;27.445
Cyclopenta[de]naphthacene;0;1;-0.987;4.247;-0.245;-0.987;4.247;-1.245;-4.586;-39.741;-0.722;-10.986
Cyclopenta[de]naphthacene;0;1;0.406;2.575;-0.31;0.406;2.575;-1.31;6.391;0.769;8.325;17.2
Benz[d]aceanthrylene;0;0;1.8122;-2.0241;-0.054;1.8122;-2.0241;-1.054;7.249;4.591;9.41;22.068
Benz[d]aceanthrylene;0;0;-0.6236;-1.834;0.0296;-0.6236;-1.834;1.0296;9.811;8.93;11.393;26.39
Benz[d]aceanthrylene;0;0;-1.6018;0.1126;0.2015;-1.6018;0.1126;1.2015;-5.598;-44.413;-1.639;-12.615
Benz[d]aceanthrylene;0;0;-3.0263;-1.5429;0.1157;-3.0263;-1.5429;1.1157;9.806;8.874;11.36;26.137
Benz[d]aceanthrylene;0;0;-5.4366;-1.1457;0.2137;-5.4366;-1.1457;1.2137;7.202;4.416;9.346;21.497
Benz[a]aceanthrylene;0;0;-5.2268;-5.7374;0.2877;-5.2268;-5.7374;1.2877;8.542;8.161;10.38;24.709
Benz[a]aceanthrylene;0;0;-2.9207;-6.5511;0.3284;-2.9207;-6.5511;1.3284;10.571;10.95;12.02;28.295
Benz[a]aceanthrylene;0;0;-1.2047;-5.1836;0.291;-1.2047;-5.1836;1.291;-4.635;-41.379;-0.099;-10.459
Benz[a]aceanthrylene;0;0;-0.5036;-3.1;0.2366;-0.5036;-3.1;1.2366;6.914;2.513;8.645;19.717
Benz[a]aceanthrylene;0;0;-0.6114;-7.2852;0.3635;-0.6114;-7.2852;1.3635;7.59;3.678;9.472;21.55
Benz[e]acephenanthrylene;0;0;-5.068;-10.3985;-0.1475;-5.068;-10.3985;-1.1475;9.641;11.186;11.375;27.52
Benz[e]acephenanthrylene;0;0;-2.6467;-10.0659;-0.0468;-2.6467;-10.0659;-1.0468;5.787;-3.438;8.199;16.413
Benz[e]acephenanthrylene;0;0;-1.5924;-7.8787;0.1075;-1.5924;-7.8787;1.1075;8.59;6.31;10.294;24.286
Benz[e]acephenanthrylene;0;0;-0.4851;-9.759;0.0405;-0.4851;-9.759;1.0405;-3.974;-38.734;0.641;-7.981
Benz[e]acephenanthrylene;0;0;1.4974;-10.707;0.0505;1.4974;-10.707;1.0505;7.173;3.456;8.939;20.743
Benzo[j]fluoranthene;0;0;-4.869;-13.3436;-0.0708;-4.869;-13.3436;-1.0708;8.839;8.816;10.516;25.263
Benzo[j]fluoranthene;0;0;-2.5336;-14.1158;-0.0717;-2.5336;-14.1158;-1.0717;7.895;4.065;9.668;21.85
Benzo[j]fluoranthene;0;0;-0.8484;-12.6802;-0.0715;-0.8484;-12.6802;-1.0715;-5.48;-44.052;-0.864;-12.649
Benzo[j]fluoranthene;0;0;-0.202;-10.5872;-0.0714;-0.202;-10.5872;-1.0714;7.876;4.569;9.539;21.706
Benzo[j]fluoranthene;0;0;1.3305;-12.4631;-0.0715;1.3305;-12.4631;-1.0715;7.73;4.107;9.498;21.638
Benzo[k]fluoranthene;0;0;-5.8443;-17.7766;0.2494;-5.8443;-17.7766;1.494;9.197;9.996;10.976;26.71
Benzo[k]fluoranthene;1;0;-3.4604;-17.2609;0.171;-3.4604;-17.2609;1.171;7.431;2.302;9.426;20.773
Benzo[k]fluoranthene;1;0;-1.3148;-16.7942;0.1046;-1.3148;-16.7942;1.1046;-4.484;-40.026;0.388;-8.867
Benzo[k]fluoranthene;1;0;0.7161;-17.5888;-0.0126;0.7161;-17.5888;-1.0126;8.188;5.605;10.101;23.596
Benzo[k]fluoranthene;1;0;0.2042;-15.2267;0.1443;0.2042;-15.2267;1.1443;8.217;5.666;10.132;23.104
Benzo[e]pyrene;1;0;-5.1692;-22.0327;-0.0003;-5.1692;-22.0327;-1.0003;8.774;8.124;10.667;25.662
Benzo[e]pyrene;1;0;-2.6941;-22.0456;0.00007;-2.6941;-22.0456;1.00007;1.348;-16.878;5.092;6.964
Benzo[e]pyrene;1;0;-0.222;-22.0592;0.0006;-0.222;-22.0592;1.0006;5.668;-2.586;8.324;17.534
Benzo[e]pyrene;1;0;-1.4453;-24.1787;0.0007;-1.4453;-24.1787;1.0007;11.815;16.366;13.267;32.95
Benzo[e]pyrene;1;0;-1.4219;-19.9263;-0.0002;-1.4219;-19.9263;-1.0002;11.641;15.841;13.189;32.717
Perylene;1;0;0.9093;-26.0795;-0.0001;0.9093;-26.0795;-1.0001;7.356;3.135;9.475;21.622
Perylene;1;0;-1.5689;-26.1106;0.00001;-1.5689;-26.1106;1.00001;-6.633;-40.683;-1.617;-13.261
Perylene;1;0;-4.0472;-26.1416;0.0002;-4.0472;-26.1416;1.0002;7.351;3.123;9.495;21.682
Perylene;1;0;-2.8211;-28.2497;0.00003;-2.8211;-28.2497;1.00003;7.502;3.57;9.562;21.881
Perylene;1;0;-0.3168;-23.9715;-0.00003;-0.3168;-23.9715;-1.00003;7.247;2.807;9.447;21.536
Benzo[a]pyrene;1;0;2.4251;1.0927;0.0003;2.4251;1.0927;1.0003;10.694;14.178;12.261;30.457
Benzo[a]pyrene;1;0;4.86;0.7654;0.0011;4.86;0.7654;1.0011;11.292;13.42;13.069;31.439
Benzo[a]pyrene;1;0;6.4143;2.6795;0.0014;6.4143;2.6795;1.0014;6.69;0.366;9.305;20.461
Benzo[a]pyrene;1;0;8.8346;2.2857;0.0023;8.8346;2.2857;1.0023;12.229;17.997;13.636;34.161
Benzo[a]pyrene;1;0;7.2882;0.3823;0.002;7.2882;0.3823;1.002;2.747;-11.271;6.005;10.455
1 2-Dihydrobenz[j]aceanthrylene;1;0;3.3108;-5.1881;-0.0628;3.3108;-5.1881;-1.0628;10.007;12.031;11.568;28.37
1 2-Dihydrobenz[j]aceanthrylene;1;0;4.7215;-3.1617;-0.0644;4.7215;-3.1617;-1.0644;5.163;-4.185;7.72;15.675
1 2-Dihydrobenz[j]aceanthrylene;0;1;7.1819;-3.3147;-0.0644;7.1819;-3.3147;-1.0644;11.358;13.38;12.938;31.042
1 2-Dihydrobenz[j]aceanthrylene;0;1;8.4236;-1.4793;-0.0631;8.4236;-1.4793;-1.0631;-2.029;-36.128;0.958;-4.554
1 2-Dihydrobenz[j]aceanthrylene;0;1;9.6107;-3.3383;-0.0625;9.6107;-3.3383;-1.0625;9.406;9.461;11.084;26.508
9 10-Dihydro-9 10[1  ,2  ]-benzenoanthracene;0;1;8.373;-9.0005;-1.9805;8.373;-9.0005;-2.9805;9.863;7.702;11.278;1.955
9 10-Dihydro-9 10[1  ,2  ]-benzenoanthracene;0;1;4.7822;-9.4653;0.7215;4.7822;-9.4653;1.7215;9.88;7.708;11.197;1.845
9 10-Dihydro-9 10[1  ,2  ]-benzenoanthracene;0;1;8.4129;-7.2222;2.1624;8.4129;-7.2222;3.1624;9.879;7.824;11.197;1.911
11H-Indeno[2 1 7-cde]pyrene;0;1;4.56963;-15.2701;-0.0324;4.56963;-15.2701;-1.0324;9.627;10.018;11.196;26.963
11H-Indeno[2 1 7-cde]pyrene;0;1;6.9735;-14.8409;-0.0313;6.9735;-14.8409;-1.0313;1.509;-16.677;5.225;7.04
11H-Indeno[2 1 7-cde]pyrene;0;1;9.33;-14.1418;-0.0316;9.33;-14.1418;-1.0316;5.238;-3.82;8.014;16.532
11H-Indeno[2 1 7-cde]pyrene;0;1;5.47085;-13.2704;-0.0322;5.47085;-13.2704;-1.0322;-2.917;-36.785;1.319;-4.491
11H-Indeno[2 1 7-cde]pyrene;0;1;7.5215;-12.4703;-0.0314;7.5215;-12.4703;-1.0314;12.093;16.604;13.509;33.326
11H-Indeno[2 1 7-cde]pyrene;0;1;8.7322;-16.5431;-0.031;8.7322;-16.5431;-1.031;11.56;15.908;13.077;32.408
11H-Cyclopenta[ghi]perylene;0;1;4.76599;-19.9232;-0.0067;4.76599;-19.9232;-1.0067;7.617;3.344;9.695;21.987
11H-Cyclopenta[ghi]perylene;0;1;7.194;-19.7537;-0.005;7.194;-19.7537;-1.005;-6.024;-39.069;-0.914;-11.414
11H-Cyclopenta[ghi]perylene;0;1;9.6196;-19.3235;-0.0049;9.6196;-19.3235;-1.0049;7.854;4.723;9.881;22.812
11H-Cyclopenta[ghi]perylene;0;1;5.8809;-18.023;-0.005;5.8809;-18.023;-1.005;-0.564;-29.981;2.965;0.658
11H-Cyclopenta[ghi]perylene;0;1;8.0114;-17.4615;-0.0047;8.0114;-17.4615;-1.0047;7.573;3.306;9.709;21.991
11H-Cyclopenta[ghi]perylene;0;1;6.1257;-21.9733;-0.0061;6.1257;-21.9733;-1.0061;7.891;4.754;9.863;22.779
4H-Benzo[def]cyclopenta[mno]-chrysene;0;1;5.4025;-22.5422;-0.1174;5.4025;-22.5422;-1.1174;2.796;-11.125;6.095;10.687
4H-Benzo[def]cyclopenta[mno]-chrysene;0;1;7.8252;-22.1734;-0.1156;7.8252;-22.1734;-1.1156;11.52;13.719;13.273;31.862
4H-Benzo[def]cyclopenta[mno]-chrysene;0;1;10.2511;-22.0704;-0.1155;10.2511;-22.0704;-1.1155;11.233;14.885;12.547;30.982
4H-Benzo[def]cyclopenta[mno]-chrysene;0;1;4.5663;-24.8663;-0.1184;4.5663;-24.8663;-1.1184;12.543;18.823;13.807;34.575
4H-Benzo[def]cyclopenta[mno]-chrysene;0;1;6.9689;-24.4478;-0.115;6.9689;-24.4478;-1.115;7.213;1.072;9.67;21.111
4H-Benzo[def]cyclopenta[mno]-chrysene;0;1;9.1027;-23.9408;-0.1138;9.1027;-23.9408;-1.1138;-4.171;-40.204;0.516;-7.072
11H-Cyclopenta[a]triphenylene;0;1;11.3031;-0.0114;-0.206;11.3031;-0.0114;-1.206;0.706;-21.496;2.722;0.107
11H-Cyclopenta[a]triphenylene;0;1;13.4647;-0.1913;0.228;13.4647;-0.1913;1.228;8.756;7.137;10.22;23.698
11H-Cyclopenta[a]triphenylene;0;1;14.9587;1.7895;0.0853;14.9587;1.7895;1.0853;2.489;-12.198;5.971;9.594
11H-Cyclopenta[a]triphenylene;0;1;14.0348;4.0824;0.1842;14.0348;4.0824;1.1842;9.267;9.699;11.698;27.823
11H-Cyclopenta[a]triphenylene;0;1;17.4098;1.451;-0.0978;17.4098;1.451;-1.0978;8.987;8.756;10.492;23.85
1H-Benzo[a]cyclopent[h]anthracene;0;1;10.3599;-6.8668;-0.0038;10.3599;-6.8668;-1.0038;9.905;11.719;11.477;28.127
1H-Benzo[a]cyclopent[h]anthracene;0;1;11.3814;-4.619;-0.0009;11.3814;-4.619;-1.0009;4.63;-5.537;7.357;14.599
1H-Benzo[a]cyclopent[h]anthracene;0;1;13.829;-4.2964;-0.0006;13.829;-4.2964;-1.0006;11.175;13.149;12.658;30.427
1H-Benzo[a]cyclopent[h]anthracene;0;1;16.2718;-3.9826;-0.0017;16.2718;-3.9826;-1.0017;9.265;8.843;11.042;26.148
1H-Benzo[a]cyclopent[h]anthracene;0;1;17.1639;-1.9501;-0.0044;17.1639;-1.9501;-1.0044;0.203;-26.185;3.093;2.288
9H-Benzo[a]cyclopent[i]anthracene;0;1;10.2583;-8.9695;0.0222;10.2583;-8.9695;1.0222;-0.073;-25.902;3.001;1.9
9H-Benzo[a]cyclopent[i]anthracene;0;1;12.4651;-8.9897;0.0221;12.4651;-8.9897;1.0221;9.478;8.825;11.031;25.984
9H-Benzo[a]cyclopent[i]anthracene;0;1;14.9164;-8.9963;0.0213;14.9164;-8.9963;1.0213;11.621;14.634;13.023;31.615
9H-Benzo[a]cyclopent[i]anthracene;0;1;17.3852;-9.0275;0.0199;17.3852;-9.0275;1.0199;4.856;-4.897;7.515;15.115
9H-Benzo[a]cyclopent[i]anthracene;0;1;18.7178;-6.9493;0.0254;18.7178;-6.9493;1.0254;9.995;12.003;11.551;28.378
9H-Indeno[2 1-c]phenanthrene;0;1;10.9509;-15.4275;0.1554;10.9509;-15.4275;1.1554;8.59;7.69;10.609;23.043
9H-Indeno[2 1-c]phenanthrene;0;1;12.925;-16.3145;-0.3022;12.925;-16.3145;-1.3022;-1.018;-28.945;3.785;0.573
9H-Indeno[2 1-c]phenanthrene;0;1;15.1105;-15.9701;-0.1945;15.1105;-15.9701;-1.1945;8.975;8.636;11.152;25.31
9H-Indeno[2 1-c]phenanthrene;0;1;16.0812;-13.7269;0.1357;16.0812;-13.7269;1.1357;6.401;0.982;8.27;18.27
9H-Indeno[2 1-c]phenanthrene;0;1;14.84;-11.67;-0.3548;14.84;-11.67;-1.3548;9.887;11.379;10.364;20.494
13H-Indeno[1 2-l]phenanthrene;0;1;-4.9474;1.4685;0.305;-4.9474;1.4685;1.305;8.904;8.93;10.316;24.873
13H-Indeno[1 2-l]phenanthrene;0;1;-2.8405;2.1551;0.3047;-2.8405;2.1551;1.3047;-1.206;-32.251;2.136;-2.057
13H-Indeno[1 2-l]phenanthrene;0;1;-0.7022;1.4937;0.3106;-0.7022;1.4937;1.3106;6.023;-2.407;8.516;17.392
13H-Indeno[1 2-l]phenanthrene;0;1;1.0702;3.2235;0.3059;1.0702;3.2235;1.3059;9.358;9.845;11.115;26.783
13H-Indeno[1 2-l]phenanthrene;0;1;-0.1339;-0.9147;0.3223;-0.1339;-0.9147;1.3223;9.985;11.807;11.542;28.157
7H-Dibenzo[c g]fluorene;0;1;-4.472;-1.2878;-0.2199;-4.472;-1.2878;-1.2199;9.609;11.098;10.401;22.115
7H-Dibenzo[c g]fluorene;0;1;-3.5896;-3.5351;0.2119;-3.5896;-3.5351;1.2119;8.761;7.517;9.949;23.249
7H-Dibenzo[c g]fluorene;0;1;-1.4242;-3.9933;0.0112;-1.4242;-3.9933;1.0112;-1.13;-29.986;2.38;-0.62
7H-Dibenzo[c g]fluorene;0;1;0.6183;-3.1402;-0.1857;0.6183;-3.1402;-1.1857;8.752;7.486;11.201;24.241
7H-Dibenzo[c g]fluorene;0;1;1.0661;-0.7687;0.2498;1.0661;-0.7687;1.2498;9.647;11.164;11.988;27.4
13H-Indeno[1 2-c]phenanthrene;0;1;-4.9082;-9.6731;0.1071;-4.9082;-9.6731;1.1071;8.679;8.186;10.268;24.755
13H-Indeno[1 2-c]phenanthrene;0;1;-3.1389;-8.3415;0.1084;-3.1389;-8.3415;1.1084;-1.032;-31.113;2.308;-1.401
13H-Indeno[1 2-c]phenanthrene;0;1;-0.9225;-8.3835;0.1161;-0.9225;-8.3835;1.1161;9.63;9.264;11.237;26.542
13H-Indeno[1 2-c]phenanthrene;0;1;0.4411;-6.3214;0.1167;0.4411;-6.3214;1.1167;6.565;0.173;8.803;18.976
13H-Indeno[1 2-c]phenanthrene;0;1;-0.5194;-4.0505;0.105;-0.5194;-4.0505;1.105;10.595;13.759;11.995;29.49
8H-Indeno[1 2-a]anthracene;0;1;-5.3839;-12.6489;-0.174;-5.3839;-12.6489;-1.174;9.035;9.239;10.375;25.122
8H-Indeno[1 2-a]anthracene;0;1;-3.4147;-13.663;-0.1783;-3.4147;-13.663;-1.1783;-0.786;-30.346;2.489;-0.82
8H-Indeno[1 2-a]anthracene;0;1;-1.2075;-13.3553;-0.1837;-1.2075;-13.3553;-1.1837;8.068;5.079;9.918;22.618
8H-Indeno[1 2-a]anthracene;0;1;-0.2157;-11.1022;-0.1859;-0.2157;-11.1022;10.1859;12.253;16.893;13.457;33.057
8H-Indeno[1 2-a]anthracene;0;1;0.8068;-8.8689;-0.1875;0.8068;-8.8689;-1.1875;9.097;9.65;10.827;26.19
7H-Dibenzo[b g]fluorene;0;1;-5.9243;-16.8829;-0.0134;-5.9243;-16.8829;-1.0134;9.639;11.199;11.255;27.487
7H-Dibenzo[b g]fluorene;0;1;-3.5393;-17.4421;-0.0141;-3.5393;-17.4421;-1.0141;9.446;8.575;10.91;25.501
7H-Dibenzo[b g]fluorene;0;1;-1.3863;-17.9649;-0.0141;-1.3863;-17.9649;-1.0141;-1.096;-31.287;2.225;-1.746
7H-Dibenzo[b g]fluorene;0;1;0.6828;-17.1465;-0.0096;0.6828;-17.1465;-1.0096;8.827;7.452;10.561;24.611
7H-Dibenzo[b g]fluorene;0;1;1.119;-14.7265;-0.004;1.119;-14.7265;-1.004;9.849;11.81;11.373;27.802
8H-Indeno[2 1-b]phenanthrene;0;1;-5.1539;-20.3667;-0.0108;-5.1539;-20.3667;-1.0108;8.654;8.309;10.228;24.743
8H-Indeno[2 1-b]phenanthrene;0;1;-3.2094;-21.4237;-0.0119;-3.2094;-21.4237;-1.0119;-1.502;-31.752;2.168;-1.719
8H-Indeno[2 1-b]phenanthrene;0;1;-1.0201;-21.0793;-0.0127;-1.0201;-21.0793;-1.0127;9.44;8.398;11.107;26.051
8H-Indeno[2 1-b]phenanthrene;0;1;1.4143;-20.7181;-0.0119;1.4143;-20.7181;-1.0119;6.714;0.704;9.42;19.736
8H-Indeno[2 1-b]phenanthrene;0;1;2.3951;-18.4561;-0.0112;2.3951;-18.4561;-1.0112;10.141;12.449;11.695;28.791
13H-Dibenzo[a g]fluorene;0;1;-3.9684;-27.0151;0.0371;-3.9684;-27.0151;1.0371;9.791;11.516;11.297;27.606
13H-Dibenzo[a g]fluorene;0;1;-3.778;-24.5631;0.0372;-3.778;-24.5631;1.0372;9.027;7.866;10.657;24.945
13H-Dibenzo[a g]fluorene;0;1;-1.8018;-23.5426;0.0442;-1.8018;-23.5426;1.0442;-1.002;-31.717;2.255;-1.617
13H-Dibenzo[a g]fluorene;0;1;0.4007;-23.8538;0.0367;0.4007;-23.8538;1.0367;9.163;8.169;10.76;25.188
13H-Dibenzo[a g]fluorene;0;1;1.9214;-21.921;0.0384;1.9214;-21.921;1.0384;9.28;9.9;10.953;26.508
7H-Indeno[1 2-a]phenanthrene;0;1;2.3704;1.3201;0.1901;2.3704;1.3201;1.1901;9.033;9.288;10.392;25.167
7H-Indeno[1 2-a]phenanthrene;0;1;4.3528;0.3289;0.1985;4.3528;0.3289;1.1985;-0.804;8.345;2.505;-0.755
7H-Indeno[1 2-a]phenanthrene;0;1;6.5523;0.668;0.205;6.5523;0.668;1.205;9.284;8.345;10.923;25.642
7H-Indeno[1 2-a]phenanthrene;0;1;7.4996;2.9524;0.2035;7.4996;2.9524;1.2035;6.883;1.122;9.146;20.026
7H-Indeno[1 2-a]phenanthrene;0;1;9.9394;3.3253;0.2062;9.9394;3.3253;1.2062;10.131;12.523;11.712;28.847
13H-Dibenzo[a i]fluorene;0;1;1.5361;-1.7629;-0.0136;1.5361;-1.7629;-1.0136;9.244;9.824;10.908;26.367
13H-Dibenzo[a i]fluorene;0;1;3.3795;-3.3881;-0.0134;3.3795;-3.3881;-1.0134;8.877;7.412;10.698;25.024
13H-Dibenzo[a i]fluorene;0;1;5.4886;-2.6952;-0.0133;5.4886;-2.6952;-1.0133;-2.053;-35.233;1.565;-3.826
13H-Dibenzo[a i]fluorene;0;1;7.5844;-3.4281;-0.0134;7.5844;-3.4281;-1.0134;8.897;7.46;10.707;25.052
13H-Dibenzo[a i]fluorene;0;1;9.4573;-1.8374;-0.0136;9.4573;-1.8374;-1.0136;9.236;9.787;10.896;26.33
13H-Indeno[2 1-a]anthracene;0;1;1.5143;-9.4579;0.0077;1.5143;-9.4579;1.0077;8.884;9.025;10.683;25.723
13H-Indeno[2 1-a]anthracene;0;1;3.8036;-8.57;0.0051;3.8036;-8.57;1.0051;11.852;15.647;13.211;32.251
13H-Indeno[2 1-a]anthracene;0;1;6.1066;-7.7056;0.0045;6.1066;-7.7056;1.0045;8.08;4.994;10.083;23.06
13H-Indeno[2 1-a]anthracene;0;1;6.4882;-5.5143;0.005;6.4882;-5.5143;1.005;-1.411;-32.494;2.12;-2
13H-Indeno[2 1-a]anthracene;0;1;8.1169;-4.0183;0.0058;8.1169;-4.0183;1.0058;8.622;8.267;10.222;24.708
12H-Indeno[1 2-b]phenanthrene;0;1;1.9408;-11.45;-0.2537;1.9408;-11.45;-1.2537;8.716;8.658;10.313;24.994
12H-Indeno[1 2-b]phenanthrene;0;1;4.0431;-10.759;-0.2538;4.0431;-10.759;-1.2538;-1.413;-31.451;2.239;-1.487
12H-Indeno[1 2-b]phenanthrene;0;1;6.1418;-11.4709;-0.254;6.1418;-11.4709;-1.254;9.489;8.555;11.148;26.165
12H-Indeno[1 2-b]phenanthrene;0;1;8.4664;-12.276;-0.2524;8.4664;-12.276;-1.2524;6.815;1.027;9.138;20.01
12H-Indeno[1 2-b]phenanthrene;0;1;10.3795;-10.7215;-0.2529;10.3795;-10.7215;-1.2529;10.038;12.165;11.615;28.523
11H-Indeno[2 1-a]phenanthrene;0;1;1.7617;-16.5257;-0.0078;1.7617;-16.5257;-1.0078;8.734;8.485;10.279;24.907
11H-Indeno[2 1-a]phenanthrene;0;1;3.7132;-15.4842;-0.0086;3.7132;-15.4842;-1.0086;-1.266;-31.81;2.314;-1.384
11H-Indeno[2 1-a]phenanthrene;0;1;5.9062;-15.8332;-0.0089;5.9062;-15.8332;-1.0089;9.125;7.758;10.943;25.645
11H-Indeno[2 1-a]phenanthrene;0;1;7.4595;-13.9128;-0.0082;7.4595;-13.9128;-1.0082;6.567;0.048;8.937;19.311
11H-Indeno[2 1-a]phenanthrene;0;1;9.9039;-14.2393;-0.0074;9.9039;-14.2393;-1.0074;10.002;12.092;11.595;28.469
12H-Dibenzo[b h]fluorene;0;1;3.3616;-20.1129;-0.1963;3.3616;-20.1129;-1.1963;9.53;10.916;11.176;27.288
12H-Dibenzo[b h]fluorene;0;1;5.6117;-19.1502;-0.1967;5.6117;-19.1502;-1.1967;9.3;8.251;10.915;25.568
12H-Dibenzo[b h]fluorene;0;1;7.6444;-18.2721;-0.1967;7.6444;-18.2721;-1.1967;-1.934;-32.952;1.759;-2.915
12H-Dibenzo[b h]fluorene;0;1;9.7953;-18.796;-0.1958;9.7953;-18.796;-1.1958;9.256;8.197;10.912;25.545
12H-Dibenzo[b h]fluorene;0;1;12.1759;-19.3658;-0.1946;12.1759;-19.3658;-1.1946;9.715;11.543;11.322;27.713
13H-Dibenzo[a h]fluorene;0;1;3.1657;-23.5299;-0.1479;3.1657;-23.5299;-1.1479;9.745;11.547;11.306;27.672
13H-Dibenzo[a h]fluorene;0;1;5.5653;-23.0481;-0.1485;5.5653;-23.0481;-1.1485;9.192;7.895;10.818;25.267
13H-Dibenzo[a h]fluorene;0;1;7.7331;-22.6087;-0.1504;7.7331;-22.6087;-1.1504;-1.917;-34.056;1.771;-3.141
13H-Dibenzo[a h]fluorene;0;1;9.7329;-23.5768;-0.1504;9.7329;-23.5768;-1.1504;8.755;7.061;10.569;24.652
13H-Dibenzo[a h]fluorene;0;1;11.7721;-22.2053;-0.1504;11.7721;-22.2053;-1.1504;9.329;10.102;11.004;26.681
13H-Indeno[1 2-b]anthracene;0;1;2.6946;-26.8514;-0.0001;2.6946;-26.8514;-1.0001;9.048;9.512;10.77;26.035
13H-Indeno[1 2-b]anthracene;0;1;5.1176;-26.451;-0.0003;5.1176;-26.451;-1.0003;12.162;16.793;13.484;33.174
13H-Indeno[1 2-b]anthracene;0;1;7.5348;-26.0488;-0.0006;7.5348;-26.0488;-1.0006;8.564;5.893;10.332;23.68
13H-Indeno[1 2-b]anthracene;0;1;9.7168;-25.6816;-0.001;9.7168;-25.6816;-1.001;-1.393;-31.307;2.21;-1.49
13H-Indeno[1 2-b]anthracene;0;1;11.6781;-26.7078;-0.001;11.6781;-26.7078;-1.001;8.555;8.106;10.178;24.608
5H-Dibenzo[c mn]phenanthrene;0;1;11.0496;-0.4585;-0.111;11.0496;-0.4585;-1.111;8.419;7.9;9.486;20.719
5H-Dibenzo[c mn]phenanthrene;0;1;13.4813;-0.2324;0.14;13.4813;-0.2324;1.14;10.572;11.963;12.495;29.503
5H-Dibenzo[c mn]phenanthrene;0;1;15.9259;-0.1026;0.1308;15.9259;-0.1026;1.1308;8.714;7.932;10.313;23.137
5H-Dibenzo[c mn]phenanthrene;0;1;14.5988;1.9453;-0.221;14.5988;1.9453;-1.221;-5.484;-33.209;0.12;-11.153
5H-Dibenzo[c mn]phenanthrene;0;1;13.4527;4.067;0.26211;13.4527;4.067;1.26211;7.937;5.842;10.2;20.1
8H-Dibenzo[b mn]phenanthrene;0;1;11.4491;-6.8165;0.0291;11.4491;-6.8165;1.0291;7.867;5.71;9.605;22.202
8H-Dibenzo[b mn]phenanthrene;0;1;13.9149;-6.4992;0.2075;13.9149;-6.4992;1.2075;-5.217;-36.112;-1.604;-10.63
8H-Dibenzo[b mn]phenanthrene;0;1;16.3772;-6.1962;0.0456;16.3772;-6.1962;1.0456;9.892;10.691;11.454;27.179
8H-Dibenzo[b mn]phenanthrene;0;1;14.9147;-4.2214;0.1381;14.9147;-4.2214;1.1381;5.35;-4.497;7.892;16.081
8H-Dibenzo[b mn]phenanthrene;0;1;15.8411;-1.9322;0.0978;15.8411;-1.9322;1.0978;9.38;10.176;11.083;26.702
13H-Dibenzo[b mn]phenanthrene;0;1;11.3087;-10.9828;-0.1593;11.3087;-10.9828;-1.1593;9.455;10.173;11.117;26.815
13H-Dibenzo[b mn]phenanthrene;0;1;13.7646;-11.0194;-0.1627;13.7646;-11.0194;-1.1627;11.691;14.497;13.056;31.506
13H-Dibenzo[b mn]phenanthrene;0;1;16.2139;-11.0991;-0.1689;16.2139;-11.0991;-1.1689;6.813;1.271;9.04;20.138
13H-Dibenzo[b mn]phenanthrene;0;1;15.0782;-8.8873;-0.1739;15.0782;-8.8873;-1.1739;-5.867;-38.992;-1.682;-12.499
13H-Dibenzo[b mn]phenanthrene;0;1;16.4091;-6.7747;-0.1576;16.4091;-6.7747;-1.1576;7.679;4.91;9.488;22.19
7H-Dibenz[a kl]anthracene;0;1;11.5822;-13.8929;-0.3384;11.5822;-13.8929;-1.3384;9.56;11.045;10.442;22.845
7H-Dibenz[a kl]anthracene;0;1;12.323;-16.1827;0.137;12.323;-16.1827;1.137;8.226;5.897;9.422;23.314
7H-Dibenz[a kl]anthracene;0;1;14.7381;-16.807;0.1455;14.7381;-16.807;1.1455;-5.569;-35.538;-1.669;-10.739
7H-Dibenz[a kl]anthracene;0;1;16.53;-15.1241;0.2732;16.53;-15.1241;1.2732;7.792;5.242;10.088;22.429
7H-Dibenz[a kl]anthracene;0;1;17.0894;-17.4151;-0.3552;17.0894;-17.4151;-1.3552;9.489;9.541;11.555;24.355
4H-Dibenz[a kl]anthracene;0;1;-4.8033;3.43995;-0.2021;-4.8033;3.43995;-1.2021;9.949;12.211;10.55;23.355
4H-Dibenz[a kl]anthracene;0;1;-3.9175;1.1807;0.1655;-3.9175;1.1807;1.1655;7.522;3.943;9.441;21.758
4H-Dibenz[a kl]anthracene;0;1;-1.4995;0.6597;0.0428;-1.4995;0.6597;1.0428;5.842;-2.047;8.777;17.857
4H-Dibenz[a kl]anthracene;0;1;0.2302;2.386;0.2407;0.2302;2.386;1.2407;9.745;10.694;12.305;28.96
4H-Dibenz[a kl]anthracene;0;1;0.8919;0.0383;-0.1895;0.8919;0.0383;-1.1895;-5.71;-35.975;-1.577;-12.304
1H-Dibenz[a kl]anthracene;0;1;-5.3795;-1.6789;-0.0993;-5.3795;-1.6789;-1.0993;10.86;14.577;11.744;27.623
1H-Dibenz[a kl]anthracene;0;1;-3.8379;-3.5983;0.0487;-3.8379;-3.5983;1.0487;4.714;-4.685;7.319;14.847
1H-Dibenz[a kl]anthracene;0;1;-1.3759;-3.4228;-0.0803;-1.3759;-3.4228;-1.0803;11.363;13.807;13.135;31.347
1H-Dibenz[a kl]anthracene;0;1;-0.1625;-1.2525;0.0793;-0.1625;-1.2525;1.0793;-5.338;-35.282;-0.95;-9.597
1H-Dibenz[a kl]anthracene;0;1;1.0832;-3.3745;-0.0926;1.0832;-3.3745;-1.0926;8.315;6.109;10.39;23.933
4H-Benzo[hi]chrysene;0;1;-5.4553;-9.4597;-0.1955;-5.4553;-9.4597;-1.1955;9.997;12.017;11.599;28.479
4H-Benzo[hi]chrysene;0;1;-4.2332;-7.3197;-0.1948;-4.2332;-7.3197;-1.1948;7.57;2.938;9.797;21.945
4H-Benzo[hi]chrysene;0;1;-1.7521;-7.2489;-0.1921;-1.7521;-7.2489;-1.1921;5.868;-3.354;8.429;17.361
4H-Benzo[hi]chrysene;0;1;-0.5353;-5.108;-0.1948;-0.5353;-5.108;-1.1948;9.776;10.224;11.371;27.346
4H-Benzo[hi]chrysene;0;1;0.7294;-7.2389;-0.1946;0.7294;-7.2389;-1.1946;-5.734;-36.787;-1.77;-11.773
7H-Benzo[hi]chrysene;0;1;-5.4679;-13.9934;-0.0018;-5.4679;-13.9934;-1.0018;9.554;10.569;11.18;27.01
7H-Benzo[hi]chrysene;0;1;-4.1915;-11.8951;0.0094;-4.1915;-11.8951;1.0094;7.77;3.695;9.828;22.184
7H-Benzo[hi]chrysene;0;1;-1.6857;-11.9104;-0.0364;-1.6857;-11.9104;-1.0364;-6.273;-40.172;-1.949;-13.618
7H-Benzo[hi]chrysene;0;1;-0.4165;-9.7722;-0.0281;-0.4165;-9.7722;-1.0281;7.651;3.885;9.705;22.108
7H-Benzo[hi]chrysene;0;1;0.8059;-11.8872;0.0243;0.8059;-11.8872;1.0243;9.572;9.767;11.161;26.789
Benzo[l]cyclopenta[cd]pyrene;0;1;-5.4262;-17.1563;0.0105;-5.4262;-17.1563;1.0105;8.736;8.024;10.592;25.404
Benzo[l]cyclopenta[cd]pyrene;0;1;-2.963;-17.2942;0.008;-2.963;-17.2942;1.008;0.926;-18.254;4.668;5.567
Benzo[l]cyclopenta[cd]pyrene;0;1;-0.4966;-17.4142;-0.0038;-0.4966;-17.4142;-1.0038;4.42;-7.688;7.081;13.181
Benzo[l]cyclopenta[cd]pyrene;0;1;-1.5692;-15.2557;-0.0486;-1.5692;-15.2557;-1.0486;9.437;8.02;11.224;26.172
Benzo[l]cyclopenta[cd]pyrene;0;1;0.6006;-15.5365;-0.0594;0.6006;-15.5365;-1.0594;-4.024;-38.278;0.057;-8.704
Benzo[l]cyclopenta[cd]pyrene;0;1;-1.7859;-19.4762;0.0514;-1.7859;-19.4762;1.0514;10.276;11.81;11.993;29.152
Indeno[5 6 7 1-defg]chrysene;0;1;-5.7169;-22.1275;-0.0817;-5.7169;-22.1275;-1.0817;10.082;12.271;11.627;28.235
Indeno[5 6 7 1-defg]chrysene;0;1;-3.2666;-22.071;-0.1078;-3.2666;-22.071;-1.1078;9.693;7.608;11.596;25.986
Indeno[5 6 7 1-defg]chrysene;0;1;-0.8485;-22.1501;-0.1257;-0.8485;-22.1501;-1.1257;2.573;-12.897;5.458;7.573
Indeno[5 6 7 1-defg]chrysene;0;1;-1.9765;-19.9784;0.1057;-1.9765;-19.9784;1.1057;6.001;-1.763;8.521;18.618
Indeno[5 6 7 1-defg]chrysene;0;1;0.4774;-20.116;0.0833;0.4774;-20.116;1.0833;10.75;13.611;12.277;29.972
Indeno[5 6 7 1-defg]chrysene;0;1;-2.0918;-23.9218;-0.3151;-2.0918;-23.9218;-1.3151;-4.093;-38.814;-0.047;-9.811
Benzo[def]cyclopenta[qr]chrysene;0;1;1.5667;0.389;-0.1552;1.5667;0.389;-1.1552;10.132;12.542;11.746;28.285
Benzo[def]cyclopenta[qr]chrysene;0;1;4.0164;0.4049;-0.0133;4.0164;0.4049;-1.0133;9.833;9.018;11.721;27.253
Benzo[def]cyclopenta[qr]chrysene;0;1;6.4787;0.3585;0.114;6.4787;0.3585;1.114;2.427;-12.129;5.591;9.939
Benzo[def]cyclopenta[qr]chrysene;0;1;5.2879;2.4958;-0.1186;5.2879;2.4958;-1.1186;5.277;-5.174;7.894;14.949
Benzo[def]cyclopenta[qr]chrysene;0;1;7.6986;2.4852;0.0018;7.6986;2.4852;1.0018;9.806;9.426;11.498;27.206
Benzo[def]cyclopenta[qr]chrysene;0;1;6.504;4.3027;-0.203;6.504;4.3027;-1.203;-4.405;-39.006;-0.201;-10.038
Cyclopenta[cd]perylene;0;1;3.4094;-6.0504;0.0387;3.4094;-6.0504;1.0387;7.528;3.839;9.583;21.686
Cyclopenta[cd]perylene;0;1;4.8866;-4.0704;-0.0176;4.8866;-4.0704;-1.0176;-4.882;-35.284;-0.29;-9.434
Cyclopenta[cd]perylene;0;1;6.3882;-2.1033;-0.0878;6.3882;-2.1033;-1.0878;5.815;-2.781;8.069;17.062
Cyclopenta[cd]perylene;0;1;7.3509;-4.3043;0.0234;7.3509;-4.3043;1.0234;5.841;-2.628;8.106;16.676
Cyclopenta[cd]perylene;0;1;8.5372;-2.4752;-0.042;8.5372;-2.4752;-1.042;-1.859;-31.848;1.886;-2.967
Cyclopenta[cd]perylene;0;1;2.4288;-3.8115;-0.0441;2.4288;-3.8115;-1.0441;7.494;3.749;9.564;21.953
Indeno[1 7 6 5-cdef]chrysene;0;1;1.021;-9.4382;0.0442;1.021;-9.4382;1.0442;10.091;12.547;11.776;29.014
Indeno[1 7 6 5-cdef]chrysene;0;1;3.4608;-9.1766;0.0159;3.4608;-9.1766;1.0159;9.808;9.006;11.722;27.129
Indeno[1 7 6 5-cdef]chrysene;0;1;5.8935;-8.9849;-0.0222;5.8935;-8.9849;-1.0222;2.288;-14.021;5.324;7.549
Indeno[1 7 6 5-cdef]chrysene;0;1;8.0526;-8.7317;-0.0566;8.0526;-8.7317;-1.0566;-3.869;-37.746;0.257;-8.206
Indeno[1 7 6 5-cdef]chrysene;0;1;4.5244;-6.9447;0.0697;4.5244;-6.9447;1.0697;5.954;-2.199;8.541;18.355
Indeno[1 7 6 5-cdef]chrysene;0;1;6.9742;-6.8264;0.0303;6.9742;-6.8264;1.0303;10.467;11.42;12.02;28.926
Indeno[1 7-ab]pyrene;0;1;1.5223;-12.3785;0.256;1.5223;-12.3785;1.256;8.036;4.984;9.767;23.002
Indeno[1 7-ab]pyrene;0;1;3.9237;-12.6858;0.0649;3.9237;-12.6858;1.0649;8.607;4.323;10.63;23.396
Indeno[1 7-ab]pyrene;0;1;6.3258;-13.1512;-0.1485;6.3258;-13.1512;-1.1485;2.416;-11.866;5.714;9.031
Indeno[1 7-ab]pyrene;0;1;5.5209;-10.8215;0.0023;5.5209;-10.8215;1.0023;6.597;0.216;9.193;20.335
Indeno[1 7-ab]pyrene;0;1;7.9184;-11.2842;-0.2152;7.9184;-11.2842;-1.2152;11.629;16.192;13.115;31.784
Indeno[1 7-ab]pyrene;0;1;2.4814;-14.3258;0.1174;2.4814;-14.3258;1.1174;-4.876;-41.248;-0.77;-11.051
Indeno[1 2 3-cd]pyrene;0;1;2.44;-18.8158;0.1208;2.44;-18.8158;1.1208;6.748;2.166;8.565;19.717
Indeno[1 2 3-cd]pyrene;0;1;4.4719;-17.9879;0.0604;4.4719;-17.9879;1.0604;-4.945;-42.042;-0.195;-10.355
Indeno[1 2 3-cd]pyrene;0;1;6.61;-18.4171;-0.0082;6.61;-18.4171;-1.0082;4.431;-7.8;7.173;13.52
Indeno[1 2 3-cd]pyrene;0;1;9.0167;-18.7881;-0.0997;9.0167;-18.7881;-1.0997;11.516;15.973;12.987;31.88
Indeno[1 2 3-cd]pyrene;0;1;5.7055;-16.175;0.0144;5.7055;-16.175;1.0144;10.936;12.508;12.468;30.124
Indeno[1 2 3-cd]pyrene;0;1;8.1372;-16.492;-0.0687;8.1372;-16.492;-1.0687;4.678;-5.372;7.561;15.018
Indeno[1 2 3-cd]fluoranthene;0;1;9.7949;-21.8801;-0.0773;9.7949;-21.8801;-1.0773;4.949;-3.123;7.024;15.086
Indeno[1 2 3-cd]fluoranthene;0;1;7.6023;-21.8539;-0.0268;7.6023;-21.8539;-1.0268;-9.467;-54.664;-3.887;-21.637
Indeno[1 2 3-cd]fluoranthene;0;1;3.911;-21.8115;0.0377;3.911;-21.8115;1.0377;-9.368;-54.362;-3.802;-21.377
Indeno[1 2 3-cd]fluoranthene;0;1;1.7184;-21.7853;0.0862;1.7184;-21.7853;1.0862;4.892;-3.293;6.952;14.862
Indeno[1 2 3-cd]fluoranthene;0;1;5.7699;-20.6458;-0.0201;5.7699;-20.6458;-1.0201;4.348;-7.76;6.613;12.169
Indeno[1 2 3-cd]fluoranthene;0;1;5.7435;-23.0195;0.0313;5.7435;-23.0195;1.0313;4.567;-7.104;6.668;12.461
Phenanthro[10 1 2 3-cdef]fluorene;0;1;9.0431;0.2967;-0.2696;9.0431;0.2967;-1.2696;8.268;7.003;10.201;23.875
Phenanthro[10 1 2 3-cdef]fluorene;0;1;11.4899;0.4716;-0.1491;11.4899;0.4716;-1.1491;1.466;-15.644;4.756;5.899
Phenanthro[10 1 2 3-cdef]fluorene;0;1;13.9565;0.597;-0.0045;13.9565;0.597;-1.0045;-3.717;-31.048;0.225;-7.187
Phenanthro[10 1 2 3-cdef]fluorene;0;1;12.6231;2.6303;0.0616;12.6231;2.6303;1.0616;7.974;2.677;9.962;21.742
Phenanthro[10 1 2 3-cdef]fluorene;0;1;14.7864;2.5819;0.1866;14.7864;2.5819;1.1866;-6.165;-46.337;-1.7;-14.041
Phenanthro[10 1 2 3-cdef]fluorene;0;1;13.9996;4.6025;0.2857;13.9996;4.6025;1.2857;6.382;0.347;8.325;18.529
Indeno[6 7 1 2-defg]naphthacene;0;1;9.266;-3.7142;-0.6589;9.266;-3.7142;-1.6589;6.332;2.067;8.669;18.415
Indeno[6 7 1 2-defg]naphthacene;0;1;11.6527;-4.0287;-0.2581;11.6527;-4.0287;-1.2581;7.401;1.669;9.32;18.992
Indeno[6 7 1 2-defg]naphthacene;0;1;14.0202;-4.2303;0.1858;14.0202;-4.2303;1.1858;6.888;0.224;8.916;18.722
Indeno[6 7 1 2-defg]naphthacene;0;1;16.403;-4.1409;0.6715;16.403;-4.1409;1.6715;2.328;-10.324;5.237;9.587
Indeno[6 7 1 2-defg]naphthacene;0;1;13.0103;-2.3333;-0.0839;13.0103;-2.3333;-1.0839;-10.034;-57.016;-5.362;-24.394
Indeno[6 7 1 2-defg]naphthacene;0;1;15.1161;-2.062;0.3284;15.1161;-2.062;1.3284;-4.972;-33.155;-0.921;-10.234
Naphtho[4 5 6-abc]aceanthrylene;0;1;10.1002;-8.9663;-0.3601;10.1002;-8.9663;-1.3601;8.607;8.26;10.329;23.474
Naphtho[4 5 6-abc]aceanthrylene;0;1;12.5094;-9.2814;-0.1284;12.5094;-9.2814;-1.1284;10.016;9.166;11.497;26.172
Naphtho[4 5 6-abc]aceanthrylene;0;1;14.9317;-9.4879;0.0778;14.9317;-9.4879;1.0778;5.911;-2.067;8.279;17.81
Naphtho[4 5 6-abc]aceanthrylene;0;1;13.9177;-7.6286;-0.2809;13.9177;-7.6286;-1.2809;-7.98;-50.472;-2.715;-18.439
Naphtho[4 5 6-abc]aceanthrylene;0;1;16.0434;-7.3298;-0.1714;16.0434;-7.3298;-1.1714;7.347;2.057;9.552;20.953
Naphtho[4 5 6-abc]aceanthrylene;0;1;14.4394;-5.542;-0.5561;14.4394;-5.542;-1.5561;7.526;3.569;9.144;19.194
Indeno[3 2 1 7-defg]chrysene;0;1;11.6558;-14.9141;0.0869;11.6558;-14.9141;1.0869;7.836;4.506;9.637;21.834
Indeno[3 2 1 7-defg]chrysene;0;1;13.6724;-14.1219;0.1907;13.6724;-14.1219;1.1907;-6.107;-45.951;-1.02;-13.363
Indeno[3 2 1 7-defg]chrysene;0;1;15.828;-14.3428;0.2622;15.828;-14.3428;1.2622;7.627;3.45;9.42;21.445
Indeno[3 2 1 7-defg]chrysene;0;1;12.2096;-12.5472;0.1861;12.2096;-12.5472;1.1861;7.106;0.9;9.348;20.379
Indeno[3 2 1 7-defg]chrysene;0;1;14.6355;-12.2002;0.2839;14.6355;-12.2002;1.2839;3.658;-10.801;6.671;11.452
Indeno[3 2 1 7-defg]chrysene;0;1;15.7116;-10.0098;0.3829;15.7116;-10.0098;1.3829;9.551;10.608;11.213;27.496
Indeno[4 3 2 1-cdef]chrysene;0;1;10.3529;-18.3995;-0.115;10.3529;-18.3995;-1.115;9.511;10.773;11.152;26.893
Indeno[4 3 2 1-cdef]chrysene;0;1;12.7727;-18.0962;-0.0214;12.7727;-18.0962;-1.0214;5.67;-3.811;7.956;16.212
Indeno[4 3 2 1-cdef]chrysene;0;1;14.919;-17.7823;0.0386;14.919;-17.7823;1.0386;-6.627;-47.11;-1.457;-14.101
Indeno[4 3 2 1-cdef]chrysene;0;1;16.9725;-18.4704;0.1589;16.9725;-18.4704;1.1589;8.229;5.702;9.936;23.438
Indeno[4 3 2 1-cdef]chrysene;0;1;13.8714;-15.9131;-0.1381;13.8714;-15.9131;-1.1381;8.27;4.215;10.384;23.114
Indeno[4 3 2 1-cdef]chrysene;0;1;16.2969;-16.1358;-0.042;16.2969;-16.1358;-1.042;7.067;1.141;9.315;20.127
Benzo[ghi]perylene;0;1;14.9391;-24.2053;-0.000003;14.9391;-24.2053;-1.000003;11.279;14.814;12.852;31.703
Benzo[ghi]perylene;0;1;13.6797;-22.0825;-0.0000005;13.6797;-22.0825;-1.0000005;-1.484;-25.556;2.868;0.188
Benzo[ghi]perylene;0;1;12.4634;-19.9358;0.000006;12.4634;-19.9358;1.000006;5.635;-2.836;8.313;17.454
Benzo[ghi]perylene;0;1;16.1463;-22.0756;-0.00002;16.1463;-22.0756;-1.00002;5.838;-2.233;8.461;17.897
Benzo[ghi]perylene;0;1;14.9164;-19.9523;-0.00001;14.9164;-19.9523;-1.00001;12.205;16.677;13.707;33.696
Benzo[ghi]perylene;0;1;11.212;-22.04;0.00001;11.212;-22.04;1.00001;11.13;14.363;12.752;31.409
Dibenzo[def mno]chrysene;0;1;9.1818;-26.7903;0.00003;9.1818;-26.7903;1.00003;13.029;20.268;14.297;36.066
Dibenzo[def mno]chrysene;0;1;11.6248;-26.9799;0.00003;11.6248;-26.9799;1.00003;10.163;9.789;12.262;28.898
Dibenzo[def mno]chrysene;0;1;14.0716;-27.1683;0.00003;14.0716;-27.1683;1.00003;2.063;-13.489;5.483;8.818
Dibenzo[def mno]chrysene;0;1;10.5591;-24.758;0.000006;10.5591;-24.758;1.000006;2.406;-12.46;5.759;9.644
Dibenzo[def mno]chrysene;0;1;13.0058;-24.9463;0.000004;13.0058;-24.9463;1.000004;10.284;10.151;12.375;29.235
Dibenzo[def mno]chrysene;0;1;15.4489;-25.136;0.000005;15.4489;-25.136;1.000005;12.856;19.75;14.178;35.709
Dibenzo[c g]phenanthrene;0;1;-4.4357;-1.0824;-0.2315;-4.4357;-1.0824;-1.2315;9.616;10.303;9.782;16.983
Dibenzo[c g]phenanthrene;0;1;-2.1921;-0.4343;0.5063;-2.1921;-0.4343;1.5063;7.382;3.779;8.517;19.001
Dibenzo[c g]phenanthrene;0;1;-1.3435;1.8596;0.2152;-1.3435;1.8596;1.2152;7.456;5.218;9.861;22.165
Dibenzo[c g]phenanthrene;0;1;-2.8095;3.8165;-0.077;-2.8095;3.8165;-1.077;7.396;3.862;10.852;20.386
Dibenzo[c g]phenanthrene;0;1;-5.1425;3.8018;0.6683;-5.1425;3.8018;1.6683;9.649;10.325;12.384;25.218
Benzo[b]triphenylene;0;1;-6.6076;-3.7721;-0.0334;-6.6076;-3.7721;-1.0334;9.334;10.386;11.099;26.896
Benzo[b]triphenylene;0;1;-4.2015;-3.3082;-0.0053;-4.2015;-3.3082;-1.0053;10.433;11.185;12.171;28.948
Benzo[b]triphenylene;0;1;-1.7678;-2.8386;0.0145;-1.7678;-2.8386;1.0145;0.904;-17.739;4.609;5.323
Benzo[b]triphenylene;0;1;-0.1492;-4.6861;0.3535;-0.1492;-4.6861;1.3535;8.61;7.608;10.32;23.594
Benzo[b]triphenylene;0;1;-0.9493;-0.5194;-0.3037;-0.9493;-0.5194;-1.3037;8.609;7.634;10.75;25.719
Benzo[g]chrysene;0;1;-5.3467;-9.7375;0.275;-5.3467;-9.7375;1.275;9.778;11.84;12.478;29.953
Benzo[g]chrysene;0;1;-2.9082;-9.7026;0.0781;-2.9082;-9.7026;1.0781;7.398;3.732;9.998;21.867
Benzo[g]chrysene;0;1;-1.6172;-7.5886;0.2027;-1.6172;-7.5886;1.2027;3.317;-9.166;6.434;10.671
Benzo[g]chrysene;0;1;0.7686;-7.6591;0.8358;0.7686;-7.6591;1.8358;9.256;9.768;11.449;27.152
Benzo[g]chrysene;0;1;-2.6654;-5.4564;-0.4343;-2.6654;-5.4564;-1.4343;9.341;10.13;9.893;19.433
Dibenzo[b g]phenanthrene;0;1;-6.0923;-14.1204;-0.1683;-6.0923;-14.1204;-1.1683;9.488;10.911;10.958;25.741
Dibenzo[b g]phenanthrene;0;1;-3.6855;-14.5644;-0.0632;-3.6855;-14.5644;-1.0632;11.909;16.004;12.226;29.388
Dibenzo[b g]phenanthrene;0;1;-1.2856;-15.0489;-0.1227;-1.2856;-15.0489;-1.1227;5.626;-1.319;7.828;16.844
Dibenzo[b g]phenanthrene;0;1;0.4283;-13.2838;-0.3472;0.4283;-13.2838;-1.3472;8.12;5.692;10.591;21.597
Dibenzo[b g]phenanthrene;0;1;-0.024;-10.9339;0.1633;-0.024;-10.9339;1.1633;9.968;12.052;12.709;28.286
Benzo[c]chrysene;0;1;-5.4958;-20.8655;1.2968;-5.4958;-20.8655;2.2968;10.205;13.383;12.737;29.202
Benzo[c]chrysene;0;1;-3.2798;-21.4244;0.4174;-3.2798;-21.4244;1.4174;7.248;3.578;9.959;20.175
Benzo[c]chrysene;0;1;-1.6402;-19.6969;-0.2199;-1.6402;-19.6969;-1.2199;8.484;6.949;10.29;22.154
Benzo[c]chrysene;0;1;-2.3007;-17.3672;-0.6516;-2.3007;-17.3672;-1.6516;7.156;3.8;8.62;18.356
Benzo[c]chrysene;0;1;-0.6303;-15.6102;-1.0556;-0.6303;-15.6102;-2.0556;10.066;12.179;11.809;27.17
Dibenz[a j]anthracene;0;1;1.4067;-22.7374;-0.6807;1.4067;-22.7374;-1.6807;9.968;11.833;11.514;27.857
Dibenz[a j]anthracene;0;1;0.2363;-24.8907;-0.4616;0.2363;-24.8907;-1.4616;5.666;-1.835;8.189;17.389
Dibenz[a j]anthracene;0;1;-2.1796;-25.0086;0.0048;-2.1796;-25.0086;1.0048;11.387;13.72;12.983;30.392
Dibenz[a j]anthracene;0;1;-4.5902;-25.1697;0.4848;-4.5902;-25.1697;1.4848;5.669;-1.916;8.278;16.243
Dibenz[a j]anthracene;0;1;-6.0063;-23.1679;0.688;-6.0063;-23.1679;1.688;10.058;12.144;11.696;27.33
Pentaphene;0;1;9.6075;4.2419;-0.1754;9.6075;4.2419;-1.1754;9.647;11.362;11.335;27.852
Pentaphene;0;1;7.8907;2.4998;-0.0307;7.8907;2.4998;-1.0307;11.088;13.349;12.69;30.678
Pentaphene;0;1;6.1783;0.7306;0.0876;6.1783;0.7306;1.0876;2.558;-11.755;5.582;9.341
Pentaphene;0;1;3.7685;1.2439;0.146;3.7685;1.2439;1.146;11.097;13.366;12.591;30.38
Pentaphene;0;1;1.3683;1.7295;0.199;1.3683;1.7295;1.199;9.583;11.171;11.35;27.354
Benzo[a]naphthacene;0;1;0.2535;-2.7823;-0.032;0.2535;-2.7823;-1.032;8.738;8.58;10.516;25.201
Benzo[a]naphthacene;0;1;2.6958;-2.6293;-0.0056;2.6958;-2.6293;-1.0056;12.794;18.635;14.018;34.733
Benzo[a]naphthacene;0;1;5.1429;-2.4636;0.0091;5.1429;-2.4636;1.0091;11.236;13.637;12.748;30.745
Benzo[a]naphthacene;0;1;7.5993;-2.3132;0.0063;7.5993;-2.3132;1.0063;3.7;-8.251;6.517;11.979
Benzo[a]naphthacene;0;1;8.7739;-0.1493;0.1059;8.7739;-0.1493;1.1059;9.682;11.059;11.308;27.77
Dibenz[a h]anthracene;0;1;1.8614;-8.5628;0.402;1.8614;-8.5628;1.402;10.072;12.303;11.724;29.12
Dibenz[a h]anthracene;0;1;2.2558;-6.1455;0.1701;2.2558;-6.1455;1.1701;5.654;-2.292;8.269;17.29
Dibenz[a h]anthracene;0;1;4.5237;-5.2082;-0.0328;4.5237;-5.2082;-1.0328;11.389;13.828;12.997;31.182
Dibenz[a h]anthracene;0;1;6.7915;-4.2709;-0.2358;6.7915;-4.2709;-1.2358;5.681;-2.214;8.286;17.224
Dibenz[a h]anthracene;0;1;7.1858;-1.8536;-0.4677;7.1858;-1.8536;-1.4677;10.073;12.307;11.679;28.01
Benzo[b]chrysene;0;1;0.866;-3.7089;-0.5317;0.866;-3.7089;-1.5317;9.444;10.714;11.224;26.339
Benzo[b]chrysene;0;1;3.2365;-4.2655;-0.2719;3.2365;-4.2655;-1.2719;12.033;16.058;13.567;32.731
Benzo[b]chrysene;0;1;5.6129;-4.8393;0.0104;5.6129;-4.8393;1.0104;5.906;-1.79;8.512;17.817
Benzo[b]chrysene;0;1;7.3481;-3.0888;0.251;7.3481;-3.0888;1.251;8.047;4.508;10.185;22.783
Benzo[b]chrysene;0;1;9.7145;-3.6732;0.5595;9.7145;-3.6732;1.5595;10.054;12.266;11.686;29.031
Picene;0;1;1.4815;-12.4043;0.0324;1.4815;-12.4043;1.0324;10.097;12.38;11.748;29.081
Picene;0;1;3.9119;-12.079;-0.1514;3.9119;-12.079;-1.1514;7.469;2.793;9.784;21.4
Picene;0;1;4.9206;-9.8227;-0.118;4.9206;-9.8227;-1.118;8.539;5.599;10.73;24.791
Picene;0;1;7.3667;-9.5196;-0.3052;7.3667;-9.5196;-1.3052;7.523;2.965;9.787;21.301
Picene;0;1;8.3939;-7.2852;-0.2653;8.3939;-7.2852;10.2653;10.133;12.452;11.715;28.559
Pentacene;0;1;0.6729;-14.9375;-0.0014;0.6729;-14.9375;-1.0014;7.672;5.369;9.632;22.64
Pentacene;0;1;3.1199;-15.0049;0.0001;3.1199;-15.0049;1.0001;12.312;17.219;13.629;33.665
Pentacene;0;1;5.5707;-15.0714;0.0006;5.5707;-15.0714;1.0006;13.575;20.947;14.724;36.849
Pentacene;0;1;8.0215;-15.1379;0.0008;8.0215;-15.1379;1.0008;12.255;17.047;13.584;33.526
Pentacene;0;1;10.4685;-15.2052;0.0016;10.4685;-15.2052;1.0016;7.464;4.746;9.489;22.215
1H-Benzo[ghi]cyclopenta[pqr]-perylene;0;1;2.3232;-17.7728;-0.013;2.3232;-17.7728;-1.013;6.036;-1.495;8.734;18.719
1H-Benzo[ghi]cyclopenta[pqr]-perylene;0;1;4.7301;-18.1797;-0.0138;4.7301;-18.1797;-1.0138;-0.566;-23.253;3.861;2.71
1H-Benzo[ghi]cyclopenta[pqr]-perylene;0;1;7.1362;-18.4114;-0.0126;7.1362;-18.4114;-1.0126;11.675;15.37;13.155;32.292
1H-Benzo[ghi]cyclopenta[pqr]-perylene;0;1;3.9349;-15.8975;-0.013;3.9349;-15.8975;-1.013;11.541;15.066;13.138;32.206
1H-Benzo[ghi]cyclopenta[pqr]-perylene;0;1;6.0668;-16.4778;-0.0131;6.0668;-16.4778;-1.0131;-2.545;-35.51;1.598;-3.574
1H-Benzo[ghi]cyclopenta[pqr]-perylene;0;1;3.2312;-20.0878;-0.014;3.2312;-20.0878;-1.014;11.922;16.046;13.52;33.147
1H-Benzo[ghi]cyclopenta[pqr]-perylene;0;1;5.6963;-20.4213;-0.0139;5.6963;-20.4213;-1.0139;6.01;-1.598;8.688;18.576
9H-Indeno[1 2-e]pyrene;0;1;1.402;-21.8162;-0.0887;1.402;-21.8162;-1.0887;8.793;8.543;10.189;24.513
9H-Indeno[1 2-e]pyrene;0;1;3.44;-22.6847;-0.0859;3.44;-22.6847;-1.0859;-1.647;-33.56;1.784;-3.11
9H-Indeno[1 2-e]pyrene;0;1;5.6239;-22.2129;-0.0883;5.6239;-22.2129;-1.0883;4.426;-7.431;7.322;13.679
9H-Indeno[1 2-e]pyrene;0;1;8.0423;-21.7353;-0.0909;8.0423;-21.7353;-1.0909;5.419;-3.328;8.154;16.837
9H-Indeno[1 2-e]pyrene;0;1;6.4293;-19.8807;-0.0954;6.4293;-19.8807;-1.0954;12.503;18.516;13.752;34.26
9H-Indeno[1 2-e]pyrene;0;1;7.2593;-24.0626;-0.0833;7.2593;-24.0626;-1.0833;12.102;17.221;13.502;33.489
7H-Indeno[1 2-a]pyrene;0;1;1.352;-26.7863;0.0264;1.352;-26.7863;1.0264;8.672;8.245;10.141;24.34
7H-Indeno[1 2-a]pyrene;0;1;3.4114;-27.6053;0.0216;3.4114;-27.6053;1.0216;-1.251;-31.583;2.136;-1.978
7H-Indeno[1 2-a]pyrene;0;1;5.5717;-27.0862;0.0234;5.5717;-27.0862;1.0234;11.821;15.047;13.162;31.714
7H-Indeno[1 2-a]pyrene;0;1;7.9759;-26.5757;0.0269;7.9759;-26.5757;1.0269;5.042;-4.488;7.831;15.875
7H-Indeno[1 2-a]pyrene;0;1;6.3298;-24.7388;0.0287;6.3298;-24.7388;1.0287;5.364;-3.598;8.044;16.55
7H-Indeno[1 2-a]pyrene;0;1;8.7401;-24.2412;0.0323;8.7401;-24.2412;1.0323;12.461;18.687;13.806;34.618
11H-Indeno[2 1-a]pyrene;0;1;9.3084;1.472;-0.0115;9.3084;1.472;-1.0115;8.471;7.736;10.091;24.295
11H-Indeno[2 1-a]pyrene;0;1;11.3258;2.3795;-0.0118;11.3258;2.3795;-1.0118;-1.893;-33.716;1.753;-3.126
11H-Indeno[2 1-a]pyrene;0;1;13.4874;1.8848;-0.0132;13.4874;1.8848;-1.0132;11.909;15.211;13.345;32.281
11H-Indeno[2 1-a]pyrene;0;1;15.8775;1.3282;-0.0152;15.8775;1.3282;-1.0152;5.179;-4.033;7.96;16.265
11H-Indeno[2 1-a]pyrene;0;1;15.1637;3.6909;-0.0138;15.1637;3.6909;-1.0138;4.787;-5.474;7.655;15.278
11H-Indeno[2 1-a]pyrene;0;1;17.5559;3.1256;-0.0161;17.5559;3.1256;-1.0161;12.406;18.493;13.774;34.467
8H-Benzo[g]cyclopenta[mno]-chrysene;0;1;10.5347;-4.5705;0.062;10.5347;-4.5705;1.062;10.228;12.8;10.892;25.108
8H-Benzo[g]cyclopenta[mno]-chrysene;0;1;12.8552;-3.8379;0.3031;12.8552;-3.8379;1.3031;8.393;5.003;9.917;22.721
8H-Benzo[g]cyclopenta[mno]-chrysene;0;1;14.9544;-3.2102;0.2984;14.9544;-3.2102;1.2984;-2.707;-35.87;1.126;-4.324
8H-Benzo[g]cyclopenta[mno]-chrysene;0;1;13.6159;-1.4962;0.1958;13.6159;-1.4962;1.1958;4.071;-8.584;7.366;13.166
8H-Benzo[g]cyclopenta[mno]-chrysene;0;1;16.0588;-1.333;0.0817;16.0588;-1.333;1.0817;9.833;10.547;11.409;26.869
8H-Benzo[g]cyclopenta[mno]-chrysene;0;1;12.1493;0.4669;0.3119;12.1493;0.4669;1.3119;9.608;10.913;11.965;28.596
4H-Benzo[b]cyclopenta[jkl]triphenylene;0;1;9.4324;-6.7841;-0.0001;9.4324;-6.7841;-1.0001;9.542;10.941;11.233;27.386
4H-Benzo[b]cyclopenta[jkl]triphenylene;0;1;11.8823;-6.5742;-0.0014;11.8823;-6.5742;-1.0014;10.449;11.329;12.119;28.901
4H-Benzo[b]cyclopenta[jkl]triphenylene;0;1;14.3345;-6.3681;-0.0002;14.3345;-6.3681;-1.0002;1.087;-17.989;4.632;5.327
4H-Benzo[b]cyclopenta[jkl]triphenylene;0;1;16.5048;-6.1878;0.0025;16.5048;-6.1878;1.0025;-1.758;-33.215;2.07;-2.231
4H-Benzo[b]cyclopenta[jkl]triphenylene;0;1;15.5297;-4.2252;0.0019;15.5297;-4.2252;1.0019;9.277;8.735;10.928;26.079
4H-Benzo[b]cyclopenta[jkl]triphenylene;0;1;15.8684;-8.2842;-0.0006;15.8684;-8.2842;-1.0006;9.235;8.736;10.942;26.072
13 -Benzo[b]cyclopenta[def]-triphenylene;0;1;9.7774;-11.3204;-0.1341;9.7774;-11.3204;-1.1341;9.707;11.092;11.244;27.305
13 -Benzo[b]cyclopenta[def]-triphenylene;0;1;12.2216;-11.5016;-0.1332;12.2216;-11.5016;-1.1332;10.589;10.967;12.252;28.969
13 -Benzo[b]cyclopenta[def]-triphenylene;0;1;14.6755;-11.5554;-0.1338;14.6755;-11.5554;-1.1338;0.711;-19.039;4.392;4.641
13 -Benzo[b]cyclopenta[def]-triphenylene;0;1;13.5061;-9.7182;-0.132;13.5061;-9.7182;-1.132;-2.246;-35.532;1.633;-3.741
13 -Benzo[b]cyclopenta[def]-triphenylene;0;1;15.6565;-9.3065;-0.1361;15.6565;-9.3065;-1.1361;9.2;8.605;10.884;25.921
13 -Benzo[b]cyclopenta[def]-triphenylene;0;1;16.0041;-13.6272;-0.1335;16.0041;-13.6272;-1.1335;8.977;8.82;10.71;25.755
4H-Indeno[7 1 2-ghi]chrysene;0;1;10.5134;-14.2177;-0.0564;10.5134;-14.2177;-1.0564;9.904;12.015;10.602;23.644
4H-Indeno[7 1 2-ghi]chrysene;0;1;11.8126;-16.2762;0.261;11.8126;-16.2762;1.261;7.85;4.588;9.854;22.845
4H-Indeno[7 1 2-ghi]chrysene;0;1;14.2777;-16.3149;0.1283;14.2777;-16.3149;1.1283;3.804;-9.269;7.339;13.196
4H-Indeno[7 1 2-ghi]chrysene;0;1;16.4528;-16.3862;-0.0012;16.4528;-16.3862;-1.0012;-2.78;-36.044;1.821;-4.446
4H-Indeno[7 1 2-ghi]chrysene;0;1;15.7216;-14.345;0.2678;15.7216;-14.345;1.2678;10.068;11.418;12.563;29.944
4H-Indeno[7 1 2-ghi]chrysene;0;1;15.5778;-18.389;-0.0004;15.5778;-18.389;-1.0004;9.961;10.894;11.653;27.681
13H-Dibenz[bc l]aceanthrylene;0;1;9.7464;-19.185;0.086;9.7464;-19.185;1.086;10.46;13.178;11.883;29.147
13H-Dibenz[bc l]aceanthrylene;0;1;11.0583;-21.276;0.0792;11.0583;-21.276;1.0792;6.076;-1.363;8.354;17.513
13H-Dibenz[bc l]aceanthrylene;0;1;13.52;-21.3452;0.0854;13.52;-21.3452;1.0854;11.734;14.372;13.15;31.673
13H-Dibenz[bc l]aceanthrylene;0;1;15.9637;-21.3498;0.0854;15.9637;-21.3498;1.0854;5.421;-2.282;8.149;16.961
13H-Dibenz[bc l]aceanthrylene;0;1;14.7695;-19.5368;0.0867;14.7695;-19.5368;1.0867;-2.409;-35.472;1.439;-4.262
13H-Dibenz[bc l]aceanthrylene;0;1;16.9234;-19.1125;0.0821;16.9234;-19.1125;1.0821;10.386;12.403;11.921;29.108
4H-Benzo[c]cyclopenta[mno]-chrysene;0;1;9.9631;-24.3645;0.0106;9.9631;-24.3645;1.0106;10.32;13.062;10.882;24.883
4H-Benzo[c]cyclopenta[mno]-chrysene;0;1;11.5375;-26.2375;0.2419;11.5375;-26.2375;1.2419;7.613;3.928;9.53;21.828
4H-Benzo[c]cyclopenta[mno]-chrysene;0;1;13.9796;-25.9873;0.0972;13.9796;-25.9873;1.0972;9.133;7.174;11.478;25.812
4H-Benzo[c]cyclopenta[mno]-chrysene;0;1;16.1645;-25.7772;-0.0093;16.1645;-25.7772;-1.0093;-2.451;-34.605;1.854;-4.361
4H-Benzo[c]cyclopenta[mno]-chrysene;0;1;15.1804;-23.8649;0.2574;15.1804;-23.8649;1.2574;7.417;2.7;10.75;24.049
4H-Benzo[c]cyclopenta[mno]-chrysene;0;1;17.6001;-24.1265;0.1276;17.6001;-24.1265;1.1276;10.304;12.25;12.235;29.393
13H-Cyclopenta[rst]pentaphene;0;1;0.7226;3.8458;0.1464;0.7226;3.8458;1.1464;9.804;11.41;11.318;27.569
13H-Cyclopenta[rst]pentaphene;0;1;-0.1228;1.5469;0.1471;-0.1228;1.5469;1.1471;11.189;13.048;12.685;30.396
13H-Cyclopenta[rst]pentaphene;0;1;-1.077;-0.701;0.1492;-1.077;-0.701;1.1492;2.461;-12.206;5.631;9.244
13H-Cyclopenta[rst]pentaphene;0;1;-2.2791;1.1048;0.1455;-2.2791;1.1048;1.1455;-3.175;-38.854;0.937;-5.934
13H-Cyclopenta[rst]pentaphene;0;1;-3.5193;-0.7134;0.1479;-3.5193;-0.7134;1.1479;11.161;13.039;12.7;30.389
13H-Cyclopenta[rst]pentaphene;0;1;-5.9661;-0.6064;0.1471;-5.9661;-0.6064;1.1471;9.808;11.482;11.338;27.613
13H-Indeno[2 1 7-qra]naphthacene;0;1;-5.8622;-3.6635;0.1808;-5.8622;-3.6635;1.1808;8.929;9.023;10.667;25.65
13H-Indeno[2 1 7-qra]naphthacene;0;1;-3.4109;-3.8245;0.1801;-3.4109;-3.8245;1.1801;12.862;18.636;14.006;32.626
13H-Indeno[2 1 7-qra]naphthacene;0;1;-0.9683;-4.043;0.181;-0.9683;-4.043;1.181;11.148;12.883;12.731;30.442
13H-Indeno[2 1 7-qra]naphthacene;0;1;1.4694;-4.1403;0.1838;1.4694;-4.1403;1.1838;3.523;-8.921;6.521;12.045
13H-Indeno[2 1 7-qra]naphthacene;0;1;0.353;-2.2791;0.1774;0.353;-2.2791;1.1774;-2.749;-36.755;1.357;-4.576
13H-Indeno[2 1 7-qra]naphthacene;0;1;2.5186;-1.9372;0.1819;2.5186;-1.9372;1.1819;10.071;11.577;11.603;28.236
13H-Dibenz[bc j]aceanthrylene;0;1;-5.2406;-10.3845;-0.0675;-5.2406;-10.3845;-1.0675;10.094;12.327;11.66;28.585
13H-Dibenz[bc j]aceanthrylene;0;1;-4.5368;-8.0188;-0.0665;-4.5368;-8.0188;-1.0665;5.901;-1.919;8.353;17.495
13H-Dibenz[bc j]aceanthrylene;0;1;-2.1512;-7.4066;-0.0665;-2.1512;-7.4066;-1.0665;11.528;13.836;13.115;31.487
13H-Dibenz[bc j]aceanthrylene;0;1;0.1721;-6.6588;-0.0665;0.1721;-6.6588;-1.0665;5.583;-2.754;8.287;17.302
13H-Dibenz[bc j]aceanthrylene;0;1;-1.5162;-5.2994;-0.0648;-1.5162;-5.2994;-1.0648;-2.892;-37.038;1.295;-4.754
13H-Dibenz[bc j]aceanthrylene;0;1;0.3982;-4.232;-0.0645;0.3982;-4.232;-1.0645;10.504;12.795;11.956;29.297
5H-Benzo[b]cyclopenta[def]-chrysene;0;1;-5.5928;-12.8471;0.0184;-5.5928;-12.8471;1.0184;10.393;13.245;11.887;29.302
5H-Benzo[b]cyclopenta[def]-chrysene;0;1;-3.1913;-12.3746;0.0206;-3.1913;-12.3746;1.0206;8.569;5.22;10.558;23.861
5H-Benzo[b]cyclopenta[def]-chrysene;0;1;-1.0451;-11.9155;0.0213;-1.0451;-11.9155;1.0213;-3.521;-39.147;0.782;-6.429
5H-Benzo[b]cyclopenta[def]-chrysene;0;1;-2.2535;-10.1116;0.0196;-2.2535;-10.1116;1.0196;6.084;-1.784;8.621;18.214
5H-Benzo[b]cyclopenta[def]-chrysene;0;1;0.1839;-10.089;0.0199;0.1839;-10.089;1.0199;12.221;16.159;13.539;32.96
5H-Benzo[b]cyclopenta[def]-chrysene;0;1;2.6302;-10.1908;0.0205;2.6302;-10.1908;1.0205;9.67;11.071;11.242;27.35
